,score,time,samples,subject,session,channels,n_sessions,dataset,pipeline,paradigm,evaluation,imputed,pipeline_category
2188,0.21923077,7.329197,64.0,1,0,8,1,Kalunga2016,EEGITNet,SSVEP,WithinSession,False,Deep Learning
2189,0.13846155,5.240024,64.0,1,0,8,1,Kalunga2016,EEGNeX,SSVEP,WithinSession,False,Deep Learning
"2190,0.2653846,5.155018,64.0,1,0,8,1,Kalunga2016,""EEGNet-8,2"",SSVEP,WithinSession,False,Deep Learning"
2191,0.29871795,3.598739,64.0,1,0,8,1,Kalunga2016,ShallowConvNet,SSVEP,WithinSession,False,Deep Learning
2192,0.28076923,8.325863,64.0,2,0,8,1,Kalunga2016,EEGITNet,SSVEP,WithinSession,False,Deep Learning
2193,0.31153846,11.515432,64.0,2,0,8,1,Kalunga2016,EEGNeX,SSVEP,WithinSession,False,Deep Learning
"2194,0.42179486,8.488324,64.0,2,0,8,1,Kalunga2016,""EEGNet-8,2"",SSVEP,WithinSession,False,Deep Learning"
2195,0.63974357,4.249499,64.0,2,0,8,1,Kalunga2016,ShallowConvNet,SSVEP,WithinSession,False,Deep Learning
2196,0.21923077,7.0064588,64.0,3,0,8,1,Kalunga2016,EEGITNet,SSVEP,WithinSession,False,Deep Learning
2197,0.37307692,10.12789,64.0,3,0,8,1,Kalunga2016,EEGNeX,SSVEP,WithinSession,False,Deep Learning
"2198,0.45384616,7.9187727,64.0,3,0,8,1,Kalunga2016,""EEGNet-8,2"",SSVEP,WithinSession,False,Deep Learning"
2199,0.86025643,9.8536,64.0,3,0,8,1,Kalunga2016,ShallowConvNet,SSVEP,WithinSession,False,Deep Learning
2200,0.3474359,7.9705496,64.0,4,0,8,1,Kalunga2016,EEGITNet,SSVEP,WithinSession,False,Deep Learning
2201,0.30128205,12.510758,64.0,4,0,8,1,Kalunga2016,EEGNeX,SSVEP,WithinSession,False,Deep Learning
"2202,0.64358974,7.712165,64.0,4,0,8,1,Kalunga2016,""EEGNet-8,2"",SSVEP,WithinSession,False,Deep Learning"
2203,0.5307692,5.7552843,64.0,4,0,8,1,Kalunga2016,ShallowConvNet,SSVEP,WithinSession,False,Deep Learning
2204,0.17307693,5.8666325,64.0,5,0,8,1,Kalunga2016,EEGITNet,SSVEP,WithinSession,False,Deep Learning
2205,0.17051283,12.505417,64.0,5,0,8,1,Kalunga2016,EEGNeX,SSVEP,WithinSession,False,Deep Learning
"2206,0.2653846,7.4677725,64.0,5,0,8,1,Kalunga2016,""EEGNet-8,2"",SSVEP,WithinSession,False,Deep Learning"
2207,0.51666665,6.5494046,64.0,5,0,8,1,Kalunga2016,ShallowConvNet,SSVEP,WithinSession,False,Deep Learning
2208,0.25,6.645645,64.0,6,0,8,1,Kalunga2016,EEGITNet,SSVEP,WithinSession,False,Deep Learning
2209,0.29871795,5.595985,64.0,6,0,8,1,Kalunga2016,EEGNeX,SSVEP,WithinSession,False,Deep Learning
"2210,0.43589744,8.310292,64.0,6,0,8,1,Kalunga2016,""EEGNet-8,2"",SSVEP,WithinSession,False,Deep Learning"
2211,0.51282054,6.2190337,64.0,6,0,8,1,Kalunga2016,ShallowConvNet,SSVEP,WithinSession,False,Deep Learning
2212,0.22894737,5.8934975,96.0,7,0,8,1,Kalunga2016,EEGITNet,SSVEP,WithinSession,False,Deep Learning
2213,0.27157894,15.776635,96.0,7,0,8,1,Kalunga2016,EEGNeX,SSVEP,WithinSession,False,Deep Learning
"2214,0.5942105,11.684935,96.0,7,0,8,1,Kalunga2016,""EEGNet-8,2"",SSVEP,WithinSession,False,Deep Learning"
2215,0.5936842,10.104057,96.0,7,0,8,1,Kalunga2016,ShallowConvNet,SSVEP,WithinSession,False,Deep Learning
2216,0.25,7.7633133,64.0,8,0,8,1,Kalunga2016,EEGITNet,SSVEP,WithinSession,False,Deep Learning
2217,0.2846154,5.583252,64.0,8,0,8,1,Kalunga2016,EEGNeX,SSVEP,WithinSession,False,Deep Learning
"2218,0.2,3.4723365,64.0,8,0,8,1,Kalunga2016,""EEGNet-8,2"",SSVEP,WithinSession,False,Deep Learning"
2219,0.54615384,6.11526,64.0,8,0,8,1,Kalunga2016,ShallowConvNet,SSVEP,WithinSession,False,Deep Learning
2220,0.25,6.027834,64.0,9,0,8,1,Kalunga2016,EEGITNet,SSVEP,WithinSession,False,Deep Learning
2221,0.23333333,12.978786,64.0,9,0,8,1,Kalunga2016,EEGNeX,SSVEP,WithinSession,False,Deep Learning
"2222,0.29358974,5.0041485,64.0,9,0,8,1,Kalunga2016,""EEGNet-8,2"",SSVEP,WithinSession,False,Deep Learning"
2223,0.34615386,4.0396466,64.0,9,0,8,1,Kalunga2016,ShallowConvNet,SSVEP,WithinSession,False,Deep Learning
2224,0.25784615,7.8762264,128.0,10,0,8,1,Kalunga2016,EEGITNet,SSVEP,WithinSession,False,Deep Learning
2225,0.3603077,7.4004955,128.0,10,0,8,1,Kalunga2016,EEGNeX,SSVEP,WithinSession,False,Deep Learning
"2226,0.4923077,10.184491,128.0,10,0,8,1,Kalunga2016,""EEGNet-8,2"",SSVEP,WithinSession,False,Deep Learning"
2227,0.4529231,6.165485,128.0,10,0,8,1,Kalunga2016,ShallowConvNet,SSVEP,WithinSession,False,Deep Learning
2228,0.26794872,6.3167005,64.0,11,0,8,1,Kalunga2016,EEGITNet,SSVEP,WithinSession,False,Deep Learning
2229,0.37564102,13.37744,64.0,11,0,8,1,Kalunga2016,EEGNeX,SSVEP,WithinSession,False,Deep Learning
"2230,0.25,4.991477,64.0,11,0,8,1,Kalunga2016,""EEGNet-8,2"",SSVEP,WithinSession,False,Deep Learning"
2231,0.40128204,4.552823,64.0,11,0,8,1,Kalunga2016,ShallowConvNet,SSVEP,WithinSession,False,Deep Learning
2232,0.23125,6.566088,160.0,12,0,8,1,Kalunga2016,EEGITNet,SSVEP,WithinSession,False,Deep Learning
2233,0.64375,16.6518,160.0,12,0,8,1,Kalunga2016,EEGNeX,SSVEP,WithinSession,False,Deep Learning
"2234,0.90625,10.345552,160.0,12,0,8,1,Kalunga2016,""EEGNet-8,2"",SSVEP,WithinSession,False,Deep Learning"
2235,0.83125,11.513055,160.0,12,0,8,1,Kalunga2016,ShallowConvNet,SSVEP,WithinSession,False,Deep Learning
2668,0.92,26.741247,100.0,1,0,62,2,Lee2019-SSVEP,EEGITNet,SSVEP,WithinSession,False,Deep Learning
2669,0.97,100.05207,100.0,1,0,62,2,Lee2019-SSVEP,EEGNeX,SSVEP,WithinSession,False,Deep Learning
"2670,0.67,14.7064905,100.0,1,0,62,2,Lee2019-SSVEP,""EEGNet-8,2"",SSVEP,WithinSession,False,Deep Learning"
2671,0.75,35.29422,100.0,1,0,62,2,Lee2019-SSVEP,ShallowConvNet,SSVEP,WithinSession,False,Deep Learning
2672,0.84,24.709017,100.0,1,1,62,2,Lee2019-SSVEP,EEGITNet,SSVEP,WithinSession,False,Deep Learning
2673,0.25,10800.0,100.0,1,1,62,2,Lee2019-SSVEP,EEGNeX,SSVEP,WithinSession,True,Deep Learning
"2674,0.41,11.159056,100.0,1,1,62,2,Lee2019-SSVEP,""EEGNet-8,2"",SSVEP,WithinSession,False,Deep Learning"
2675,0.51,12.703137,100.0,1,1,62,2,Lee2019-SSVEP,ShallowConvNet,SSVEP,WithinSession,False,Deep Learning
2676,1.0,26.337442,100.0,2,0,62,2,Lee2019-SSVEP,EEGITNet,SSVEP,WithinSession,False,Deep Learning
2677,1.0,98.87889,100.0,2,0,62,2,Lee2019-SSVEP,EEGNeX,SSVEP,WithinSession,False,Deep Learning
"2678,0.98,16.90461,100.0,2,0,62,2,Lee2019-SSVEP,""EEGNet-8,2"",SSVEP,WithinSession,False,Deep Learning"
2679,0.84,33.81189,100.0,2,0,62,2,Lee2019-SSVEP,ShallowConvNet,SSVEP,WithinSession,False,Deep Learning
2680,0.97,25.136229,100.0,2,1,62,2,Lee2019-SSVEP,EEGITNet,SSVEP,WithinSession,False,Deep Learning
2681,0.98,98.98165,100.0,2,1,62,2,Lee2019-SSVEP,EEGNeX,SSVEP,WithinSession,False,Deep Learning
"2682,0.9,16.165386,100.0,2,1,62,2,Lee2019-SSVEP,""EEGNet-8,2"",SSVEP,WithinSession,False,Deep Learning"
2683,0.7,29.092981,100.0,2,1,62,2,Lee2019-SSVEP,ShallowConvNet,SSVEP,WithinSession,False,Deep Learning
2684,0.81,25.529829,100.0,3,0,62,2,Lee2019-SSVEP,EEGITNet,SSVEP,WithinSession,False,Deep Learning
2685,0.9,98.79801,100.0,3,0,62,2,Lee2019-SSVEP,EEGNeX,SSVEP,WithinSession,False,Deep Learning
"2686,0.29,12.061925,100.0,3,0,62,2,Lee2019-SSVEP,""EEGNet-8,2"",SSVEP,WithinSession,False,Deep Learning"
2687,0.64,124.25413,100.0,3,0,62,2,Lee2019-SSVEP,ShallowConvNet,SSVEP,WithinSession,False,Deep Learning
2688,0.95,24.728176,100.0,3,1,62,2,Lee2019-SSVEP,EEGITNet,SSVEP,WithinSession,False,Deep Learning
2689,0.97,87.57171,100.0,3,1,62,2,Lee2019-SSVEP,EEGNeX,SSVEP,WithinSession,False,Deep Learning
"2690,0.86,16.301231,100.0,3,1,62,2,Lee2019-SSVEP,""EEGNet-8,2"",SSVEP,WithinSession,False,Deep Learning"
2691,0.81,141.785,100.0,3,1,62,2,Lee2019-SSVEP,ShallowConvNet,SSVEP,WithinSession,False,Deep Learning
2692,1.0,25.429113,100.0,4,0,62,2,Lee2019-SSVEP,EEGITNet,SSVEP,WithinSession,False,Deep Learning
2693,1.0,98.872826,100.0,4,0,62,2,Lee2019-SSVEP,EEGNeX,SSVEP,WithinSession,False,Deep Learning
"2694,0.99,16.533478,100.0,4,0,62,2,Lee2019-SSVEP,""EEGNet-8,2"",SSVEP,WithinSession,False,Deep Learning"
2695,0.95,33.87228,100.0,4,0,62,2,Lee2019-SSVEP,ShallowConvNet,SSVEP,WithinSession,False,Deep Learning
2696,1.0,24.621618,100.0,4,1,62,2,Lee2019-SSVEP,EEGITNet,SSVEP,WithinSession,False,Deep Learning
2697,1.0,98.52217,100.0,4,1,62,2,Lee2019-SSVEP,EEGNeX,SSVEP,WithinSession,False,Deep Learning
"2698,1.0,15.750088,100.0,4,1,62,2,Lee2019-SSVEP,""EEGNet-8,2"",SSVEP,WithinSession,False,Deep Learning"
2699,0.99,33.485714,100.0,4,1,62,2,Lee2019-SSVEP,ShallowConvNet,SSVEP,WithinSession,False,Deep Learning
2700,0.52,16.628847,100.0,5,0,62,2,Lee2019-SSVEP,EEGITNet,SSVEP,WithinSession,False,Deep Learning
2701,0.68,72.0946,100.0,5,0,62,2,Lee2019-SSVEP,EEGNeX,SSVEP,WithinSession,False,Deep Learning
"2702,0.34,11.306358,100.0,5,0,62,2,Lee2019-SSVEP,""EEGNet-8,2"",SSVEP,WithinSession,False,Deep Learning"
2703,0.36,11.978118,100.0,5,0,62,2,Lee2019-SSVEP,ShallowConvNet,SSVEP,WithinSession,False,Deep Learning
2704,0.97,24.733204,100.0,5,1,62,2,Lee2019-SSVEP,EEGITNet,SSVEP,WithinSession,False,Deep Learning
2705,1.0,97.75995,100.0,5,1,62,2,Lee2019-SSVEP,EEGNeX,SSVEP,WithinSession,False,Deep Learning
"2706,0.48,10.862708,100.0,5,1,62,2,Lee2019-SSVEP,""EEGNet-8,2"",SSVEP,WithinSession,False,Deep Learning"
2707,0.75,25.326881,100.0,5,1,62,2,Lee2019-SSVEP,ShallowConvNet,SSVEP,WithinSession,False,Deep Learning
2708,0.98,25.114609,100.0,6,0,62,2,Lee2019-SSVEP,EEGITNet,SSVEP,WithinSession,False,Deep Learning
2709,1.0,98.65762,100.0,6,0,62,2,Lee2019-SSVEP,EEGNeX,SSVEP,WithinSession,False,Deep Learning
"2710,0.94,16.398726,100.0,6,0,62,2,Lee2019-SSVEP,""EEGNet-8,2"",SSVEP,WithinSession,False,Deep Learning"
2711,0.82,34.30954,100.0,6,0,62,2,Lee2019-SSVEP,ShallowConvNet,SSVEP,WithinSession,False,Deep Learning
2712,0.99,24.944845,100.0,6,1,62,2,Lee2019-SSVEP,EEGITNet,SSVEP,WithinSession,False,Deep Learning
2713,1.0,99.19267,100.0,6,1,62,2,Lee2019-SSVEP,EEGNeX,SSVEP,WithinSession,False,Deep Learning
"2714,0.97,15.941445,100.0,6,1,62,2,Lee2019-SSVEP,""EEGNet-8,2"",SSVEP,WithinSession,False,Deep Learning"
2715,0.72,25.835264,100.0,6,1,62,2,Lee2019-SSVEP,ShallowConvNet,SSVEP,WithinSession,False,Deep Learning
2716,1.0,25.898972,100.0,7,0,62,2,Lee2019-SSVEP,EEGITNet,SSVEP,WithinSession,False,Deep Learning
2717,1.0,98.09572,100.0,7,0,62,2,Lee2019-SSVEP,EEGNeX,SSVEP,WithinSession,False,Deep Learning
"2718,0.99,16.36277,100.0,7,0,62,2,Lee2019-SSVEP,""EEGNet-8,2"",SSVEP,WithinSession,False,Deep Learning"
2719,0.94,33.831814,100.0,7,0,62,2,Lee2019-SSVEP,ShallowConvNet,SSVEP,WithinSession,False,Deep Learning
2720,0.99,25.612185,100.0,7,1,62,2,Lee2019-SSVEP,EEGITNet,SSVEP,WithinSession,False,Deep Learning
2721,0.99,99.14267,100.0,7,1,62,2,Lee2019-SSVEP,EEGNeX,SSVEP,WithinSession,False,Deep Learning
"2722,1.0,15.9512825,100.0,7,1,62,2,Lee2019-SSVEP,""EEGNet-8,2"",SSVEP,WithinSession,False,Deep Learning"
2723,0.93,29.75062,100.0,7,1,62,2,Lee2019-SSVEP,ShallowConvNet,SSVEP,WithinSession,False,Deep Learning
2724,0.66,20.59118,100.0,8,0,62,2,Lee2019-SSVEP,EEGITNet,SSVEP,WithinSession,False,Deep Learning
2725,0.89,97.50237,100.0,8,0,62,2,Lee2019-SSVEP,EEGNeX,SSVEP,WithinSession,False,Deep Learning
"2726,0.33,8.521947,100.0,8,0,62,2,Lee2019-SSVEP,""EEGNet-8,2"",SSVEP,WithinSession,False,Deep Learning"
2727,0.37,17.399757,100.0,8,0,62,2,Lee2019-SSVEP,ShallowConvNet,SSVEP,WithinSession,False,Deep Learning
2728,0.87,21.899227,100.0,8,1,62,2,Lee2019-SSVEP,EEGITNet,SSVEP,WithinSession,False,Deep Learning
2729,1.0,97.533905,100.0,8,1,62,2,Lee2019-SSVEP,EEGNeX,SSVEP,WithinSession,False,Deep Learning
"2730,0.72,15.335574,100.0,8,1,62,2,Lee2019-SSVEP,""EEGNet-8,2"",SSVEP,WithinSession,False,Deep Learning"
2731,0.47,12.183213,100.0,8,1,62,2,Lee2019-SSVEP,ShallowConvNet,SSVEP,WithinSession,False,Deep Learning
2732,0.98,25.19091,100.0,9,0,62,2,Lee2019-SSVEP,EEGITNet,SSVEP,WithinSession,False,Deep Learning
2733,0.98,97.00639,100.0,9,0,62,2,Lee2019-SSVEP,EEGNeX,SSVEP,WithinSession,False,Deep Learning
"2734,0.81,15.932178,100.0,9,0,62,2,Lee2019-SSVEP,""EEGNet-8,2"",SSVEP,WithinSession,False,Deep Learning"
2735,0.84,34.172348,100.0,9,0,62,2,Lee2019-SSVEP,ShallowConvNet,SSVEP,WithinSession,False,Deep Learning
2736,0.95,25.492285,100.0,9,1,62,2,Lee2019-SSVEP,EEGITNet,SSVEP,WithinSession,False,Deep Learning
2737,0.98,92.00397,100.0,9,1,62,2,Lee2019-SSVEP,EEGNeX,SSVEP,WithinSession,False,Deep Learning
"2738,0.72,14.865012,100.0,9,1,62,2,Lee2019-SSVEP,""EEGNet-8,2"",SSVEP,WithinSession,False,Deep Learning"
2739,0.64,33.652023,100.0,9,1,62,2,Lee2019-SSVEP,ShallowConvNet,SSVEP,WithinSession,False,Deep Learning
2740,0.6,14.832916,100.0,10,0,62,2,Lee2019-SSVEP,EEGITNet,SSVEP,WithinSession,False,Deep Learning
2741,1.0,98.61598,100.0,10,0,62,2,Lee2019-SSVEP,EEGNeX,SSVEP,WithinSession,False,Deep Learning
"2742,0.55,10.774239,100.0,10,0,62,2,Lee2019-SSVEP,""EEGNet-8,2"",SSVEP,WithinSession,False,Deep Learning"
2743,0.72,33.91419,100.0,10,0,62,2,Lee2019-SSVEP,ShallowConvNet,SSVEP,WithinSession,False,Deep Learning
2744,0.48,14.590559,100.0,10,1,62,2,Lee2019-SSVEP,EEGITNet,SSVEP,WithinSession,False,Deep Learning
2745,1.0,99.16705,100.0,10,1,62,2,Lee2019-SSVEP,EEGNeX,SSVEP,WithinSession,False,Deep Learning
"2746,0.97,15.750529,100.0,10,1,62,2,Lee2019-SSVEP,""EEGNet-8,2"",SSVEP,WithinSession,False,Deep Learning"
2747,0.85,33.238388,100.0,10,1,62,2,Lee2019-SSVEP,ShallowConvNet,SSVEP,WithinSession,False,Deep Learning
2748,1.0,24.946232,100.0,11,0,62,2,Lee2019-SSVEP,EEGITNet,SSVEP,WithinSession,False,Deep Learning
2749,1.0,97.75379,100.0,11,0,62,2,Lee2019-SSVEP,EEGNeX,SSVEP,WithinSession,False,Deep Learning
"2750,1.0,16.570065,100.0,11,0,62,2,Lee2019-SSVEP,""EEGNet-8,2"",SSVEP,WithinSession,False,Deep Learning"
2751,1.0,34.23412,100.0,11,0,62,2,Lee2019-SSVEP,ShallowConvNet,SSVEP,WithinSession,False,Deep Learning
2752,0.93,22.539375,100.0,11,1,62,2,Lee2019-SSVEP,EEGITNet,SSVEP,WithinSession,False,Deep Learning
2753,1.0,98.711586,100.0,11,1,62,2,Lee2019-SSVEP,EEGNeX,SSVEP,WithinSession,False,Deep Learning
"2754,0.99,17.235056,100.0,11,1,62,2,Lee2019-SSVEP,""EEGNet-8,2"",SSVEP,WithinSession,False,Deep Learning"
2755,0.99,34.00402,100.0,11,1,62,2,Lee2019-SSVEP,ShallowConvNet,SSVEP,WithinSession,False,Deep Learning
2756,0.99,24.944128,100.0,12,0,62,2,Lee2019-SSVEP,EEGITNet,SSVEP,WithinSession,False,Deep Learning
2757,0.99,97.24087,100.0,12,0,62,2,Lee2019-SSVEP,EEGNeX,SSVEP,WithinSession,False,Deep Learning
"2758,1.0,16.620565,100.0,12,0,62,2,Lee2019-SSVEP,""EEGNet-8,2"",SSVEP,WithinSession,False,Deep Learning"
2759,0.99,33.71069,100.0,12,0,62,2,Lee2019-SSVEP,ShallowConvNet,SSVEP,WithinSession,False,Deep Learning
2760,0.95,25.159908,100.0,12,1,62,2,Lee2019-SSVEP,EEGITNet,SSVEP,WithinSession,False,Deep Learning
2761,0.95,98.1959,100.0,12,1,62,2,Lee2019-SSVEP,EEGNeX,SSVEP,WithinSession,False,Deep Learning
"2762,0.83,16.493597,100.0,12,1,62,2,Lee2019-SSVEP,""EEGNet-8,2"",SSVEP,WithinSession,False,Deep Learning"
2763,0.86,33.304214,100.0,12,1,62,2,Lee2019-SSVEP,ShallowConvNet,SSVEP,WithinSession,False,Deep Learning
2764,0.91,24.937387,100.0,13,0,62,2,Lee2019-SSVEP,EEGITNet,SSVEP,WithinSession,False,Deep Learning
2765,0.97,98.08075,100.0,13,0,62,2,Lee2019-SSVEP,EEGNeX,SSVEP,WithinSession,False,Deep Learning
"2766,0.47,10.456751,100.0,13,0,62,2,Lee2019-SSVEP,""EEGNet-8,2"",SSVEP,WithinSession,False,Deep Learning"
2767,0.44,13.470716,100.0,13,0,62,2,Lee2019-SSVEP,ShallowConvNet,SSVEP,WithinSession,False,Deep Learning
2768,0.73,20.023502,100.0,13,1,62,2,Lee2019-SSVEP,EEGITNet,SSVEP,WithinSession,False,Deep Learning
2769,0.94,96.867836,100.0,13,1,62,2,Lee2019-SSVEP,EEGNeX,SSVEP,WithinSession,False,Deep Learning
"2770,0.66,14.973877,100.0,13,1,62,2,Lee2019-SSVEP,""EEGNet-8,2"",SSVEP,WithinSession,False,Deep Learning"
2771,0.62,26.535845,100.0,13,1,62,2,Lee2019-SSVEP,ShallowConvNet,SSVEP,WithinSession,False,Deep Learning
2772,0.4,10.321393,100.0,14,0,62,2,Lee2019-SSVEP,EEGITNet,SSVEP,WithinSession,False,Deep Learning
2773,0.96,99.60471,100.0,14,0,62,2,Lee2019-SSVEP,EEGNeX,SSVEP,WithinSession,False,Deep Learning
"2774,0.24,6.2346644,100.0,14,0,62,2,Lee2019-SSVEP,""EEGNet-8,2"",SSVEP,WithinSession,False,Deep Learning"
2775,0.42,13.703824,100.0,14,0,62,2,Lee2019-SSVEP,ShallowConvNet,SSVEP,WithinSession,False,Deep Learning
2776,0.85,24.566612,100.0,14,1,62,2,Lee2019-SSVEP,EEGITNet,SSVEP,WithinSession,False,Deep Learning
2777,0.9,98.856476,100.0,14,1,62,2,Lee2019-SSVEP,EEGNeX,SSVEP,WithinSession,False,Deep Learning
"2778,0.25,5.9220104,100.0,14,1,62,2,Lee2019-SSVEP,""EEGNet-8,2"",SSVEP,WithinSession,False,Deep Learning"
2779,0.41,21.666452,100.0,14,1,62,2,Lee2019-SSVEP,ShallowConvNet,SSVEP,WithinSession,False,Deep Learning
2780,0.97,24.890179,100.0,15,0,62,2,Lee2019-SSVEP,EEGITNet,SSVEP,WithinSession,False,Deep Learning
2781,0.97,97.88074,100.0,15,0,62,2,Lee2019-SSVEP,EEGNeX,SSVEP,WithinSession,False,Deep Learning
"2782,0.85,16.765839,100.0,15,0,62,2,Lee2019-SSVEP,""EEGNet-8,2"",SSVEP,WithinSession,False,Deep Learning"
2783,0.89,142.09084,100.0,15,0,62,2,Lee2019-SSVEP,ShallowConvNet,SSVEP,WithinSession,False,Deep Learning
2784,0.69,17.239784,100.0,15,1,62,2,Lee2019-SSVEP,EEGITNet,SSVEP,WithinSession,False,Deep Learning
2785,1.0,90.0702,100.0,15,1,62,2,Lee2019-SSVEP,EEGNeX,SSVEP,WithinSession,False,Deep Learning
"2786,0.29,6.5020204,100.0,15,1,62,2,Lee2019-SSVEP,""EEGNet-8,2"",SSVEP,WithinSession,False,Deep Learning"
2787,0.62,53.244938,100.0,15,1,62,2,Lee2019-SSVEP,ShallowConvNet,SSVEP,WithinSession,False,Deep Learning
2788,1.0,24.84185,100.0,16,0,62,2,Lee2019-SSVEP,EEGITNet,SSVEP,WithinSession,False,Deep Learning
2789,1.0,97.68847,100.0,16,0,62,2,Lee2019-SSVEP,EEGNeX,SSVEP,WithinSession,False,Deep Learning
"2790,0.97,19.243937,100.0,16,0,62,2,Lee2019-SSVEP,""EEGNet-8,2"",SSVEP,WithinSession,False,Deep Learning"
2791,0.93,33.875984,100.0,16,0,62,2,Lee2019-SSVEP,ShallowConvNet,SSVEP,WithinSession,False,Deep Learning
2792,0.98,23.358364,100.0,16,1,62,2,Lee2019-SSVEP,EEGITNet,SSVEP,WithinSession,False,Deep Learning
2793,0.99,97.42546,100.0,16,1,62,2,Lee2019-SSVEP,EEGNeX,SSVEP,WithinSession,False,Deep Learning
"2794,0.98,16.207438,100.0,16,1,62,2,Lee2019-SSVEP,""EEGNet-8,2"",SSVEP,WithinSession,False,Deep Learning"
2795,0.99,26.098465,100.0,16,1,62,2,Lee2019-SSVEP,ShallowConvNet,SSVEP,WithinSession,False,Deep Learning
2796,0.97,25.407722,100.0,17,0,62,2,Lee2019-SSVEP,EEGITNet,SSVEP,WithinSession,False,Deep Learning
2797,1.0,98.51796,100.0,17,0,62,2,Lee2019-SSVEP,EEGNeX,SSVEP,WithinSession,False,Deep Learning
"2798,0.73,15.565802,100.0,17,0,62,2,Lee2019-SSVEP,""EEGNet-8,2"",SSVEP,WithinSession,False,Deep Learning"
2799,0.85,34.0302,100.0,17,0,62,2,Lee2019-SSVEP,ShallowConvNet,SSVEP,WithinSession,False,Deep Learning
2800,0.94,25.929878,100.0,17,1,62,2,Lee2019-SSVEP,EEGITNet,SSVEP,WithinSession,False,Deep Learning
2801,0.98,98.328255,100.0,17,1,62,2,Lee2019-SSVEP,EEGNeX,SSVEP,WithinSession,False,Deep Learning
"2802,0.4,13.139693,100.0,17,1,62,2,Lee2019-SSVEP,""EEGNet-8,2"",SSVEP,WithinSession,False,Deep Learning"
2803,0.58,20.07627,100.0,17,1,62,2,Lee2019-SSVEP,ShallowConvNet,SSVEP,WithinSession,False,Deep Learning
2804,0.98,25.48361,100.0,18,0,62,2,Lee2019-SSVEP,EEGITNet,SSVEP,WithinSession,False,Deep Learning
2805,0.98,98.75268,100.0,18,0,62,2,Lee2019-SSVEP,EEGNeX,SSVEP,WithinSession,False,Deep Learning
"2806,0.95,17.713865,100.0,18,0,62,2,Lee2019-SSVEP,""EEGNet-8,2"",SSVEP,WithinSession,False,Deep Learning"
2807,0.9,14.587274,100.0,18,0,62,2,Lee2019-SSVEP,ShallowConvNet,SSVEP,WithinSession,False,Deep Learning
2808,1.0,25.171982,100.0,18,1,62,2,Lee2019-SSVEP,EEGITNet,SSVEP,WithinSession,False,Deep Learning
2809,1.0,98.09457,100.0,18,1,62,2,Lee2019-SSVEP,EEGNeX,SSVEP,WithinSession,False,Deep Learning
"2810,1.0,15.896006,100.0,18,1,62,2,Lee2019-SSVEP,""EEGNet-8,2"",SSVEP,WithinSession,False,Deep Learning"
2811,0.98,33.37931,100.0,18,1,62,2,Lee2019-SSVEP,ShallowConvNet,SSVEP,WithinSession,False,Deep Learning
2812,0.99,25.8923,100.0,19,0,62,2,Lee2019-SSVEP,EEGITNet,SSVEP,WithinSession,False,Deep Learning
2813,0.99,98.1765,100.0,19,0,62,2,Lee2019-SSVEP,EEGNeX,SSVEP,WithinSession,False,Deep Learning
"2814,0.3,7.5332217,100.0,19,0,62,2,Lee2019-SSVEP,""EEGNet-8,2"",SSVEP,WithinSession,False,Deep Learning"
2815,0.62,19.909185,100.0,19,0,62,2,Lee2019-SSVEP,ShallowConvNet,SSVEP,WithinSession,False,Deep Learning
2816,0.98,25.218945,100.0,19,1,62,2,Lee2019-SSVEP,EEGITNet,SSVEP,WithinSession,False,Deep Learning
2817,0.99,97.9096,100.0,19,1,62,2,Lee2019-SSVEP,EEGNeX,SSVEP,WithinSession,False,Deep Learning
"2818,0.37,8.935747,100.0,19,1,62,2,Lee2019-SSVEP,""EEGNet-8,2"",SSVEP,WithinSession,False,Deep Learning"
2819,0.69,33.458744,100.0,19,1,62,2,Lee2019-SSVEP,ShallowConvNet,SSVEP,WithinSession,False,Deep Learning
2820,0.96,25.53592,100.0,20,0,62,2,Lee2019-SSVEP,EEGITNet,SSVEP,WithinSession,False,Deep Learning
2821,1.0,98.34527,100.0,20,0,62,2,Lee2019-SSVEP,EEGNeX,SSVEP,WithinSession,False,Deep Learning
"2822,0.24,7.2614784,100.0,20,0,62,2,Lee2019-SSVEP,""EEGNet-8,2"",SSVEP,WithinSession,False,Deep Learning"
2823,0.57,33.83889,100.0,20,0,62,2,Lee2019-SSVEP,ShallowConvNet,SSVEP,WithinSession,False,Deep Learning
2824,0.8,21.603804,100.0,20,1,62,2,Lee2019-SSVEP,EEGITNet,SSVEP,WithinSession,False,Deep Learning
2825,0.93,98.21947,100.0,20,1,62,2,Lee2019-SSVEP,EEGNeX,SSVEP,WithinSession,False,Deep Learning
"2826,0.25,8.347713,100.0,20,1,62,2,Lee2019-SSVEP,""EEGNet-8,2"",SSVEP,WithinSession,False,Deep Learning"
2827,0.4,11.9064,100.0,20,1,62,2,Lee2019-SSVEP,ShallowConvNet,SSVEP,WithinSession,False,Deep Learning
2828,0.98,25.373722,100.0,21,0,62,2,Lee2019-SSVEP,EEGITNet,SSVEP,WithinSession,False,Deep Learning
2829,1.0,97.457596,100.0,21,0,62,2,Lee2019-SSVEP,EEGNeX,SSVEP,WithinSession,False,Deep Learning
"2830,0.95,39.428356,100.0,21,0,62,2,Lee2019-SSVEP,""EEGNet-8,2"",SSVEP,WithinSession,False,Deep Learning"
2831,0.58,14.219542,100.0,21,0,62,2,Lee2019-SSVEP,ShallowConvNet,SSVEP,WithinSession,False,Deep Learning
2832,1.0,24.913857,100.0,21,1,62,2,Lee2019-SSVEP,EEGITNet,SSVEP,WithinSession,False,Deep Learning
2833,1.0,97.27933,100.0,21,1,62,2,Lee2019-SSVEP,EEGNeX,SSVEP,WithinSession,False,Deep Learning
"2834,1.0,38.828506,100.0,21,1,62,2,Lee2019-SSVEP,""EEGNet-8,2"",SSVEP,WithinSession,False,Deep Learning"
2835,0.96,34.19577,100.0,21,1,62,2,Lee2019-SSVEP,ShallowConvNet,SSVEP,WithinSession,False,Deep Learning
2836,0.77,25.359451,100.0,22,0,62,2,Lee2019-SSVEP,EEGITNet,SSVEP,WithinSession,False,Deep Learning
2837,0.85,110.48671,100.0,22,0,62,2,Lee2019-SSVEP,EEGNeX,SSVEP,WithinSession,False,Deep Learning
"2838,0.38,12.642199,100.0,22,0,62,2,Lee2019-SSVEP,""EEGNet-8,2"",SSVEP,WithinSession,False,Deep Learning"
2839,0.43,13.751349,100.0,22,0,62,2,Lee2019-SSVEP,ShallowConvNet,SSVEP,WithinSession,False,Deep Learning
2840,0.78,24.90729,100.0,22,1,62,2,Lee2019-SSVEP,EEGITNet,SSVEP,WithinSession,False,Deep Learning
2841,0.86,92.017555,100.0,22,1,62,2,Lee2019-SSVEP,EEGNeX,SSVEP,WithinSession,False,Deep Learning
"2842,0.33,11.695325,100.0,22,1,62,2,Lee2019-SSVEP,""EEGNet-8,2"",SSVEP,WithinSession,False,Deep Learning"
2843,0.52,31.186264,100.0,22,1,62,2,Lee2019-SSVEP,ShallowConvNet,SSVEP,WithinSession,False,Deep Learning
2844,0.33,14.7767105,100.0,23,0,62,2,Lee2019-SSVEP,EEGITNet,SSVEP,WithinSession,False,Deep Learning
2845,0.45,43.036674,100.0,23,0,62,2,Lee2019-SSVEP,EEGNeX,SSVEP,WithinSession,False,Deep Learning
"2846,0.27,11.249422,100.0,23,0,62,2,Lee2019-SSVEP,""EEGNet-8,2"",SSVEP,WithinSession,False,Deep Learning"
2847,0.35,15.184865,100.0,23,0,62,2,Lee2019-SSVEP,ShallowConvNet,SSVEP,WithinSession,False,Deep Learning
2848,0.34,13.046531,100.0,23,1,62,2,Lee2019-SSVEP,EEGITNet,SSVEP,WithinSession,False,Deep Learning
2849,0.46,41.827213,100.0,23,1,62,2,Lee2019-SSVEP,EEGNeX,SSVEP,WithinSession,False,Deep Learning
"2850,0.28,8.089508,100.0,23,1,62,2,Lee2019-SSVEP,""EEGNet-8,2"",SSVEP,WithinSession,False,Deep Learning"
2851,0.5,33.841908,100.0,23,1,62,2,Lee2019-SSVEP,ShallowConvNet,SSVEP,WithinSession,False,Deep Learning
2852,0.94,26.090113,100.0,24,0,62,2,Lee2019-SSVEP,EEGITNet,SSVEP,WithinSession,False,Deep Learning
2853,0.98,97.6501,100.0,24,0,62,2,Lee2019-SSVEP,EEGNeX,SSVEP,WithinSession,False,Deep Learning
"2854,0.5,14.54387,100.0,24,0,62,2,Lee2019-SSVEP,""EEGNet-8,2"",SSVEP,WithinSession,False,Deep Learning"
2855,0.67,29.794243,100.0,24,0,62,2,Lee2019-SSVEP,ShallowConvNet,SSVEP,WithinSession,False,Deep Learning
2856,0.96,25.427794,100.0,24,1,62,2,Lee2019-SSVEP,EEGITNet,SSVEP,WithinSession,False,Deep Learning
2857,0.96,58.69323,100.0,24,1,62,2,Lee2019-SSVEP,EEGNeX,SSVEP,WithinSession,False,Deep Learning
"2858,0.25,11.821353,100.0,24,1,62,2,Lee2019-SSVEP,""EEGNet-8,2"",SSVEP,WithinSession,False,Deep Learning"
2859,0.58,29.751593,100.0,24,1,62,2,Lee2019-SSVEP,ShallowConvNet,SSVEP,WithinSession,False,Deep Learning
2860,0.94,22.746386,100.0,25,0,62,2,Lee2019-SSVEP,EEGITNet,SSVEP,WithinSession,False,Deep Learning
2861,0.99,73.94982,100.0,25,0,62,2,Lee2019-SSVEP,EEGNeX,SSVEP,WithinSession,False,Deep Learning
"2862,0.9,15.475711,100.0,25,0,62,2,Lee2019-SSVEP,""EEGNet-8,2"",SSVEP,WithinSession,False,Deep Learning"
2863,0.84,25.2604,100.0,25,0,62,2,Lee2019-SSVEP,ShallowConvNet,SSVEP,WithinSession,False,Deep Learning
2864,0.81,22.5936,100.0,25,1,62,2,Lee2019-SSVEP,EEGITNet,SSVEP,WithinSession,False,Deep Learning
2865,0.93,87.01742,100.0,25,1,62,2,Lee2019-SSVEP,EEGNeX,SSVEP,WithinSession,False,Deep Learning
"2866,0.3,8.814521,100.0,25,1,62,2,Lee2019-SSVEP,""EEGNet-8,2"",SSVEP,WithinSession,False,Deep Learning"
2867,0.78,33.216534,100.0,25,1,62,2,Lee2019-SSVEP,ShallowConvNet,SSVEP,WithinSession,False,Deep Learning
2868,0.96,25.499502,100.0,26,0,62,2,Lee2019-SSVEP,EEGITNet,SSVEP,WithinSession,False,Deep Learning
2869,0.99,98.32601,100.0,26,0,62,2,Lee2019-SSVEP,EEGNeX,SSVEP,WithinSession,False,Deep Learning
"2870,0.59,13.598962,100.0,26,0,62,2,Lee2019-SSVEP,""EEGNet-8,2"",SSVEP,WithinSession,False,Deep Learning"
2871,0.86,33.715427,100.0,26,0,62,2,Lee2019-SSVEP,ShallowConvNet,SSVEP,WithinSession,False,Deep Learning
2872,0.98,25.287752,100.0,26,1,62,2,Lee2019-SSVEP,EEGITNet,SSVEP,WithinSession,False,Deep Learning
2873,1.0,98.185104,100.0,26,1,62,2,Lee2019-SSVEP,EEGNeX,SSVEP,WithinSession,False,Deep Learning
"2874,0.8,15.8812065,100.0,26,1,62,2,Lee2019-SSVEP,""EEGNet-8,2"",SSVEP,WithinSession,False,Deep Learning"
2875,0.85,34.34933,100.0,26,1,62,2,Lee2019-SSVEP,ShallowConvNet,SSVEP,WithinSession,False,Deep Learning
2876,0.99,25.165354,100.0,27,0,62,2,Lee2019-SSVEP,EEGITNet,SSVEP,WithinSession,False,Deep Learning
2877,1.0,98.669685,100.0,27,0,62,2,Lee2019-SSVEP,EEGNeX,SSVEP,WithinSession,False,Deep Learning
"2878,0.92,17.131762,100.0,27,0,62,2,Lee2019-SSVEP,""EEGNet-8,2"",SSVEP,WithinSession,False,Deep Learning"
2879,0.81,29.607405,100.0,27,0,62,2,Lee2019-SSVEP,ShallowConvNet,SSVEP,WithinSession,False,Deep Learning
2880,0.98,25.97403,100.0,27,1,62,2,Lee2019-SSVEP,EEGITNet,SSVEP,WithinSession,False,Deep Learning
2881,0.99,98.70754,100.0,27,1,62,2,Lee2019-SSVEP,EEGNeX,SSVEP,WithinSession,False,Deep Learning
"2882,0.96,16.167334,100.0,27,1,62,2,Lee2019-SSVEP,""EEGNet-8,2"",SSVEP,WithinSession,False,Deep Learning"
2883,0.93,33.9658,100.0,27,1,62,2,Lee2019-SSVEP,ShallowConvNet,SSVEP,WithinSession,False,Deep Learning
2884,0.75,19.57177,100.0,28,0,62,2,Lee2019-SSVEP,EEGITNet,SSVEP,WithinSession,False,Deep Learning
2885,0.94,97.38451,100.0,28,0,62,2,Lee2019-SSVEP,EEGNeX,SSVEP,WithinSession,False,Deep Learning
"2886,0.38,12.974459,100.0,28,0,62,2,Lee2019-SSVEP,""EEGNet-8,2"",SSVEP,WithinSession,False,Deep Learning"
2887,0.42,12.775695,100.0,28,0,62,2,Lee2019-SSVEP,ShallowConvNet,SSVEP,WithinSession,False,Deep Learning
2888,0.89,25.490004,100.0,28,1,62,2,Lee2019-SSVEP,EEGITNet,SSVEP,WithinSession,False,Deep Learning
2889,0.83,97.65114,100.0,28,1,62,2,Lee2019-SSVEP,EEGNeX,SSVEP,WithinSession,False,Deep Learning
"2890,0.52,14.630894,100.0,28,1,62,2,Lee2019-SSVEP,""EEGNet-8,2"",SSVEP,WithinSession,False,Deep Learning"
2891,0.43,16.156647,100.0,28,1,62,2,Lee2019-SSVEP,ShallowConvNet,SSVEP,WithinSession,False,Deep Learning
2892,0.99,25.292734,100.0,29,0,62,2,Lee2019-SSVEP,EEGITNet,SSVEP,WithinSession,False,Deep Learning
2893,0.99,98.133255,100.0,29,0,62,2,Lee2019-SSVEP,EEGNeX,SSVEP,WithinSession,False,Deep Learning
"2894,0.95,16.507736,100.0,29,0,62,2,Lee2019-SSVEP,""EEGNet-8,2"",SSVEP,WithinSession,False,Deep Learning"
2895,0.71,22.3931,100.0,29,0,62,2,Lee2019-SSVEP,ShallowConvNet,SSVEP,WithinSession,False,Deep Learning
2896,0.94,25.465322,100.0,29,1,62,2,Lee2019-SSVEP,EEGITNet,SSVEP,WithinSession,False,Deep Learning
2897,0.97,71.4255,100.0,29,1,62,2,Lee2019-SSVEP,EEGNeX,SSVEP,WithinSession,False,Deep Learning
"2898,0.82,15.724308,100.0,29,1,62,2,Lee2019-SSVEP,""EEGNet-8,2"",SSVEP,WithinSession,False,Deep Learning"
2899,0.44,16.167675,100.0,29,1,62,2,Lee2019-SSVEP,ShallowConvNet,SSVEP,WithinSession,False,Deep Learning
2900,0.99,25.25736,100.0,30,0,62,2,Lee2019-SSVEP,EEGITNet,SSVEP,WithinSession,False,Deep Learning
2901,1.0,98.569595,100.0,30,0,62,2,Lee2019-SSVEP,EEGNeX,SSVEP,WithinSession,False,Deep Learning
"2902,0.95,16.528492,100.0,30,0,62,2,Lee2019-SSVEP,""EEGNet-8,2"",SSVEP,WithinSession,False,Deep Learning"
2903,0.88,33.81088,100.0,30,0,62,2,Lee2019-SSVEP,ShallowConvNet,SSVEP,WithinSession,False,Deep Learning
2904,0.77,20.386173,100.0,30,1,62,2,Lee2019-SSVEP,EEGITNet,SSVEP,WithinSession,False,Deep Learning
2905,1.0,99.15816,100.0,30,1,62,2,Lee2019-SSVEP,EEGNeX,SSVEP,WithinSession,False,Deep Learning
"2906,0.96,17.126795,100.0,30,1,62,2,Lee2019-SSVEP,""EEGNet-8,2"",SSVEP,WithinSession,False,Deep Learning"
2907,0.86,29.8278,100.0,30,1,62,2,Lee2019-SSVEP,ShallowConvNet,SSVEP,WithinSession,False,Deep Learning
2908,1.0,25.018902,100.0,31,0,62,2,Lee2019-SSVEP,EEGITNet,SSVEP,WithinSession,False,Deep Learning
2909,1.0,98.490265,100.0,31,0,62,2,Lee2019-SSVEP,EEGNeX,SSVEP,WithinSession,False,Deep Learning
"2910,1.0,16.695988,100.0,31,0,62,2,Lee2019-SSVEP,""EEGNet-8,2"",SSVEP,WithinSession,False,Deep Learning"
2911,1.0,33.83039,100.0,31,0,62,2,Lee2019-SSVEP,ShallowConvNet,SSVEP,WithinSession,False,Deep Learning
2912,1.0,25.30332,100.0,31,1,62,2,Lee2019-SSVEP,EEGITNet,SSVEP,WithinSession,False,Deep Learning
2913,1.0,99.00817,100.0,31,1,62,2,Lee2019-SSVEP,EEGNeX,SSVEP,WithinSession,False,Deep Learning
"2914,1.0,17.67557,100.0,31,1,62,2,Lee2019-SSVEP,""EEGNet-8,2"",SSVEP,WithinSession,False,Deep Learning"
2915,0.98,33.67605,100.0,31,1,62,2,Lee2019-SSVEP,ShallowConvNet,SSVEP,WithinSession,False,Deep Learning
2916,0.75,19.753256,100.0,32,0,62,2,Lee2019-SSVEP,EEGITNet,SSVEP,WithinSession,False,Deep Learning
2917,0.98,81.689606,100.0,32,0,62,2,Lee2019-SSVEP,EEGNeX,SSVEP,WithinSession,False,Deep Learning
"2918,0.78,17.533714,100.0,32,0,62,2,Lee2019-SSVEP,""EEGNet-8,2"",SSVEP,WithinSession,False,Deep Learning"
2919,0.86,34.76963,100.0,32,0,62,2,Lee2019-SSVEP,ShallowConvNet,SSVEP,WithinSession,False,Deep Learning
2920,0.61,12.783429,100.0,32,1,62,2,Lee2019-SSVEP,EEGITNet,SSVEP,WithinSession,False,Deep Learning
2921,0.99,98.44571,100.0,32,1,62,2,Lee2019-SSVEP,EEGNeX,SSVEP,WithinSession,False,Deep Learning
"2922,0.24,5.9815316,100.0,32,1,62,2,Lee2019-SSVEP,""EEGNet-8,2"",SSVEP,WithinSession,False,Deep Learning"
2923,0.51,27.153574,100.0,32,1,62,2,Lee2019-SSVEP,ShallowConvNet,SSVEP,WithinSession,False,Deep Learning
2924,0.9,25.410526,100.0,33,0,62,2,Lee2019-SSVEP,EEGITNet,SSVEP,WithinSession,False,Deep Learning
2925,0.94,96.88563,100.0,33,0,62,2,Lee2019-SSVEP,EEGNeX,SSVEP,WithinSession,False,Deep Learning
"2926,0.32,6.1571054,100.0,33,0,62,2,Lee2019-SSVEP,""EEGNet-8,2"",SSVEP,WithinSession,False,Deep Learning"
2927,0.32,13.523486,100.0,33,0,62,2,Lee2019-SSVEP,ShallowConvNet,SSVEP,WithinSession,False,Deep Learning
2928,0.95,25.474491,100.0,33,1,62,2,Lee2019-SSVEP,EEGITNet,SSVEP,WithinSession,False,Deep Learning
2929,0.92,98.9118,100.0,33,1,62,2,Lee2019-SSVEP,EEGNeX,SSVEP,WithinSession,False,Deep Learning
"2930,0.27,5.9368386,100.0,33,1,62,2,Lee2019-SSVEP,""EEGNet-8,2"",SSVEP,WithinSession,False,Deep Learning"
2931,0.35,12.232698,100.0,33,1,62,2,Lee2019-SSVEP,ShallowConvNet,SSVEP,WithinSession,False,Deep Learning
2932,0.52,19.58877,100.0,34,0,62,2,Lee2019-SSVEP,EEGITNet,SSVEP,WithinSession,False,Deep Learning
2933,0.82,84.38672,100.0,34,0,62,2,Lee2019-SSVEP,EEGNeX,SSVEP,WithinSession,False,Deep Learning
"2934,0.3,9.683885,100.0,34,0,62,2,Lee2019-SSVEP,""EEGNet-8,2"",SSVEP,WithinSession,False,Deep Learning"
2935,0.49,15.724015,100.0,34,0,62,2,Lee2019-SSVEP,ShallowConvNet,SSVEP,WithinSession,False,Deep Learning
2936,0.65,20.522923,100.0,34,1,62,2,Lee2019-SSVEP,EEGITNet,SSVEP,WithinSession,False,Deep Learning
2937,0.8,88.75586,100.0,34,1,62,2,Lee2019-SSVEP,EEGNeX,SSVEP,WithinSession,False,Deep Learning
"2938,0.5,16.838778,100.0,34,1,62,2,Lee2019-SSVEP,""EEGNet-8,2"",SSVEP,WithinSession,False,Deep Learning"
2939,0.58,33.206326,100.0,34,1,62,2,Lee2019-SSVEP,ShallowConvNet,SSVEP,WithinSession,False,Deep Learning
2940,0.93,25.416183,100.0,35,0,62,2,Lee2019-SSVEP,EEGITNet,SSVEP,WithinSession,False,Deep Learning
2941,0.99,98.10132,100.0,35,0,62,2,Lee2019-SSVEP,EEGNeX,SSVEP,WithinSession,False,Deep Learning
"2942,0.4,13.497246,100.0,35,0,62,2,Lee2019-SSVEP,""EEGNet-8,2"",SSVEP,WithinSession,False,Deep Learning"
2943,0.74,25.907639,100.0,35,0,62,2,Lee2019-SSVEP,ShallowConvNet,SSVEP,WithinSession,False,Deep Learning
2944,0.58,15.91435,100.0,35,1,62,2,Lee2019-SSVEP,EEGITNet,SSVEP,WithinSession,False,Deep Learning
2945,0.98,96.80979,100.0,35,1,62,2,Lee2019-SSVEP,EEGNeX,SSVEP,WithinSession,False,Deep Learning
"2946,0.25,6.018817,100.0,35,1,62,2,Lee2019-SSVEP,""EEGNet-8,2"",SSVEP,WithinSession,False,Deep Learning"
2947,0.41,11.260705,100.0,35,1,62,2,Lee2019-SSVEP,ShallowConvNet,SSVEP,WithinSession,False,Deep Learning
2948,1.0,25.71028,100.0,36,0,62,2,Lee2019-SSVEP,EEGITNet,SSVEP,WithinSession,False,Deep Learning
2949,1.0,98.37383,100.0,36,0,62,2,Lee2019-SSVEP,EEGNeX,SSVEP,WithinSession,False,Deep Learning
"2950,1.0,16.482399,100.0,36,0,62,2,Lee2019-SSVEP,""EEGNet-8,2"",SSVEP,WithinSession,False,Deep Learning"
2951,1.0,33.915726,100.0,36,0,62,2,Lee2019-SSVEP,ShallowConvNet,SSVEP,WithinSession,False,Deep Learning
2952,1.0,26.05967,100.0,36,1,62,2,Lee2019-SSVEP,EEGITNet,SSVEP,WithinSession,False,Deep Learning
2953,1.0,96.8936,100.0,36,1,62,2,Lee2019-SSVEP,EEGNeX,SSVEP,WithinSession,False,Deep Learning
"2954,1.0,17.158337,100.0,36,1,62,2,Lee2019-SSVEP,""EEGNet-8,2"",SSVEP,WithinSession,False,Deep Learning"
2955,0.94,28.481804,100.0,36,1,62,2,Lee2019-SSVEP,ShallowConvNet,SSVEP,WithinSession,False,Deep Learning
2956,0.99,25.666096,100.0,37,0,62,2,Lee2019-SSVEP,EEGITNet,SSVEP,WithinSession,False,Deep Learning
2957,0.98,61.103806,100.0,37,0,62,2,Lee2019-SSVEP,EEGNeX,SSVEP,WithinSession,False,Deep Learning
"2958,0.94,16.934639,100.0,37,0,62,2,Lee2019-SSVEP,""EEGNet-8,2"",SSVEP,WithinSession,False,Deep Learning"
2959,0.8,142.43822,100.0,37,0,62,2,Lee2019-SSVEP,ShallowConvNet,SSVEP,WithinSession,False,Deep Learning
2960,0.99,25.286877,100.0,37,1,62,2,Lee2019-SSVEP,EEGITNet,SSVEP,WithinSession,False,Deep Learning
2961,0.99,77.518166,100.0,37,1,62,2,Lee2019-SSVEP,EEGNeX,SSVEP,WithinSession,False,Deep Learning
"2962,0.99,17.427895,100.0,37,1,62,2,Lee2019-SSVEP,""EEGNet-8,2"",SSVEP,WithinSession,False,Deep Learning"
2963,0.88,142.17072,100.0,37,1,62,2,Lee2019-SSVEP,ShallowConvNet,SSVEP,WithinSession,False,Deep Learning
2964,1.0,26.058256,100.0,38,0,62,2,Lee2019-SSVEP,EEGITNet,SSVEP,WithinSession,False,Deep Learning
2965,1.0,98.38013,100.0,38,0,62,2,Lee2019-SSVEP,EEGNeX,SSVEP,WithinSession,False,Deep Learning
"2966,0.4,8.526049,100.0,38,0,62,2,Lee2019-SSVEP,""EEGNet-8,2"",SSVEP,WithinSession,False,Deep Learning"
2967,0.85,33.868053,100.0,38,0,62,2,Lee2019-SSVEP,ShallowConvNet,SSVEP,WithinSession,False,Deep Learning
2968,1.0,24.83773,100.0,38,1,62,2,Lee2019-SSVEP,EEGITNet,SSVEP,WithinSession,False,Deep Learning
2969,0.99,98.14116,100.0,38,1,62,2,Lee2019-SSVEP,EEGNeX,SSVEP,WithinSession,False,Deep Learning
"2970,0.25,6.042301,100.0,38,1,62,2,Lee2019-SSVEP,""EEGNet-8,2"",SSVEP,WithinSession,False,Deep Learning"
2971,0.8,33.259632,100.0,38,1,62,2,Lee2019-SSVEP,ShallowConvNet,SSVEP,WithinSession,False,Deep Learning
2972,0.97,25.47228,100.0,39,0,62,2,Lee2019-SSVEP,EEGITNet,SSVEP,WithinSession,False,Deep Learning
2973,0.98,97.79104,100.0,39,0,62,2,Lee2019-SSVEP,EEGNeX,SSVEP,WithinSession,False,Deep Learning
"2974,0.43,10.147931,100.0,39,0,62,2,Lee2019-SSVEP,""EEGNet-8,2"",SSVEP,WithinSession,False,Deep Learning"
2975,0.77,128.15607,100.0,39,0,62,2,Lee2019-SSVEP,ShallowConvNet,SSVEP,WithinSession,False,Deep Learning
2976,0.98,25.56534,100.0,39,1,62,2,Lee2019-SSVEP,EEGITNet,SSVEP,WithinSession,False,Deep Learning
2977,1.0,97.959915,100.0,39,1,62,2,Lee2019-SSVEP,EEGNeX,SSVEP,WithinSession,False,Deep Learning
"2978,0.9,16.991108,100.0,39,1,62,2,Lee2019-SSVEP,""EEGNet-8,2"",SSVEP,WithinSession,False,Deep Learning"
2979,0.68,122.75765,100.0,39,1,62,2,Lee2019-SSVEP,ShallowConvNet,SSVEP,WithinSession,False,Deep Learning
2980,0.63,15.557392,100.0,40,0,62,2,Lee2019-SSVEP,EEGITNet,SSVEP,WithinSession,False,Deep Learning
2981,0.88,88.01538,100.0,40,0,62,2,Lee2019-SSVEP,EEGNeX,SSVEP,WithinSession,False,Deep Learning
"2982,0.3,9.247088,100.0,40,0,62,2,Lee2019-SSVEP,""EEGNet-8,2"",SSVEP,WithinSession,False,Deep Learning"
2983,0.51,11.57898,100.0,40,0,62,2,Lee2019-SSVEP,ShallowConvNet,SSVEP,WithinSession,False,Deep Learning
2984,0.71,16.021156,100.0,40,1,62,2,Lee2019-SSVEP,EEGITNet,SSVEP,WithinSession,False,Deep Learning
2985,1.0,98.45036,100.0,40,1,62,2,Lee2019-SSVEP,EEGNeX,SSVEP,WithinSession,False,Deep Learning
"2986,0.34,8.380447,100.0,40,1,62,2,Lee2019-SSVEP,""EEGNet-8,2"",SSVEP,WithinSession,False,Deep Learning"
2987,0.6,22.640364,100.0,40,1,62,2,Lee2019-SSVEP,ShallowConvNet,SSVEP,WithinSession,False,Deep Learning
2988,0.98,25.369673,100.0,41,0,62,2,Lee2019-SSVEP,EEGITNet,SSVEP,WithinSession,False,Deep Learning
2989,1.0,85.325516,100.0,41,0,62,2,Lee2019-SSVEP,EEGNeX,SSVEP,WithinSession,False,Deep Learning
"2990,0.59,10.397808,100.0,41,0,62,2,Lee2019-SSVEP,""EEGNet-8,2"",SSVEP,WithinSession,False,Deep Learning"
2991,0.91,33.821114,100.0,41,0,62,2,Lee2019-SSVEP,ShallowConvNet,SSVEP,WithinSession,False,Deep Learning
2992,0.98,24.858156,100.0,41,1,62,2,Lee2019-SSVEP,EEGITNet,SSVEP,WithinSession,False,Deep Learning
2993,0.99,97.148834,100.0,41,1,62,2,Lee2019-SSVEP,EEGNeX,SSVEP,WithinSession,False,Deep Learning
"2994,0.93,17.426725,100.0,41,1,62,2,Lee2019-SSVEP,""EEGNet-8,2"",SSVEP,WithinSession,False,Deep Learning"
2995,0.9,21.10263,100.0,41,1,62,2,Lee2019-SSVEP,ShallowConvNet,SSVEP,WithinSession,False,Deep Learning
2996,1.0,26.016342,100.0,42,0,62,2,Lee2019-SSVEP,EEGITNet,SSVEP,WithinSession,False,Deep Learning
2997,0.99,97.19924,100.0,42,0,62,2,Lee2019-SSVEP,EEGNeX,SSVEP,WithinSession,False,Deep Learning
"2998,0.95,17.37509,100.0,42,0,62,2,Lee2019-SSVEP,""EEGNet-8,2"",SSVEP,WithinSession,False,Deep Learning"
2999,0.65,21.382687,100.0,42,0,62,2,Lee2019-SSVEP,ShallowConvNet,SSVEP,WithinSession,False,Deep Learning
3000,0.42,15.438242,100.0,42,1,62,2,Lee2019-SSVEP,EEGITNet,SSVEP,WithinSession,False,Deep Learning
3001,0.54,38.05811,100.0,42,1,62,2,Lee2019-SSVEP,EEGNeX,SSVEP,WithinSession,False,Deep Learning
"3002,0.26,10.267256,100.0,42,1,62,2,Lee2019-SSVEP,""EEGNet-8,2"",SSVEP,WithinSession,False,Deep Learning"
3003,0.29,18.502743,100.0,42,1,62,2,Lee2019-SSVEP,ShallowConvNet,SSVEP,WithinSession,False,Deep Learning
3004,1.0,25.950294,100.0,43,0,62,2,Lee2019-SSVEP,EEGITNet,SSVEP,WithinSession,False,Deep Learning
3005,1.0,98.710655,100.0,43,0,62,2,Lee2019-SSVEP,EEGNeX,SSVEP,WithinSession,False,Deep Learning
"3006,0.97,16.936872,100.0,43,0,62,2,Lee2019-SSVEP,""EEGNet-8,2"",SSVEP,WithinSession,False,Deep Learning"
3007,0.81,25.605947,100.0,43,0,62,2,Lee2019-SSVEP,ShallowConvNet,SSVEP,WithinSession,False,Deep Learning
3008,0.94,23.18449,100.0,43,1,62,2,Lee2019-SSVEP,EEGITNet,SSVEP,WithinSession,False,Deep Learning
3009,1.0,99.15855,100.0,43,1,62,2,Lee2019-SSVEP,EEGNeX,SSVEP,WithinSession,False,Deep Learning
"3010,1.0,16.572731,100.0,43,1,62,2,Lee2019-SSVEP,""EEGNet-8,2"",SSVEP,WithinSession,False,Deep Learning"
3011,0.92,25.437283,100.0,43,1,62,2,Lee2019-SSVEP,ShallowConvNet,SSVEP,WithinSession,False,Deep Learning
3012,0.99,25.427889,100.0,44,0,62,2,Lee2019-SSVEP,EEGITNet,SSVEP,WithinSession,False,Deep Learning
3013,1.0,98.38971,100.0,44,0,62,2,Lee2019-SSVEP,EEGNeX,SSVEP,WithinSession,False,Deep Learning
"3014,0.97,16.881477,100.0,44,0,62,2,Lee2019-SSVEP,""EEGNet-8,2"",SSVEP,WithinSession,False,Deep Learning"
3015,0.82,33.828064,100.0,44,0,62,2,Lee2019-SSVEP,ShallowConvNet,SSVEP,WithinSession,False,Deep Learning
3016,0.98,25.191645,100.0,44,1,62,2,Lee2019-SSVEP,EEGITNet,SSVEP,WithinSession,False,Deep Learning
3017,0.99,59.77079,100.0,44,1,62,2,Lee2019-SSVEP,EEGNeX,SSVEP,WithinSession,False,Deep Learning
"3018,0.81,14.258971,100.0,44,1,62,2,Lee2019-SSVEP,""EEGNet-8,2"",SSVEP,WithinSession,False,Deep Learning"
3019,0.66,12.466804,100.0,44,1,62,2,Lee2019-SSVEP,ShallowConvNet,SSVEP,WithinSession,False,Deep Learning
3020,0.67,19.687716,100.0,45,0,62,2,Lee2019-SSVEP,EEGITNet,SSVEP,WithinSession,False,Deep Learning
3021,0.95,78.42402,100.0,45,0,62,2,Lee2019-SSVEP,EEGNeX,SSVEP,WithinSession,False,Deep Learning
"3022,0.36,8.740945,100.0,45,0,62,2,Lee2019-SSVEP,""EEGNet-8,2"",SSVEP,WithinSession,False,Deep Learning"
3023,0.57,34.722733,100.0,45,0,62,2,Lee2019-SSVEP,ShallowConvNet,SSVEP,WithinSession,False,Deep Learning
3024,0.98,25.099024,100.0,45,1,62,2,Lee2019-SSVEP,EEGITNet,SSVEP,WithinSession,False,Deep Learning
3025,1.0,98.55507,100.0,45,1,62,2,Lee2019-SSVEP,EEGNeX,SSVEP,WithinSession,False,Deep Learning
"3026,0.82,16.148632,100.0,45,1,62,2,Lee2019-SSVEP,""EEGNet-8,2"",SSVEP,WithinSession,False,Deep Learning"
3027,0.93,33.420185,100.0,45,1,62,2,Lee2019-SSVEP,ShallowConvNet,SSVEP,WithinSession,False,Deep Learning
3028,0.9,25.387535,100.0,46,0,62,2,Lee2019-SSVEP,EEGITNet,SSVEP,WithinSession,False,Deep Learning
3029,0.95,97.86914,100.0,46,0,62,2,Lee2019-SSVEP,EEGNeX,SSVEP,WithinSession,False,Deep Learning
"3030,0.29,9.274823,100.0,46,0,62,2,Lee2019-SSVEP,""EEGNet-8,2"",SSVEP,WithinSession,False,Deep Learning"
3031,0.46,26.435345,100.0,46,0,62,2,Lee2019-SSVEP,ShallowConvNet,SSVEP,WithinSession,False,Deep Learning
3032,0.98,25.067572,100.0,46,1,62,2,Lee2019-SSVEP,EEGITNet,SSVEP,WithinSession,False,Deep Learning
3033,1.0,98.00018,100.0,46,1,62,2,Lee2019-SSVEP,EEGNeX,SSVEP,WithinSession,False,Deep Learning
"3034,0.44,11.933993,100.0,46,1,62,2,Lee2019-SSVEP,""EEGNet-8,2"",SSVEP,WithinSession,False,Deep Learning"
3035,0.43,15.135782,100.0,46,1,62,2,Lee2019-SSVEP,ShallowConvNet,SSVEP,WithinSession,False,Deep Learning
3036,0.26,10.690808,100.0,47,0,62,2,Lee2019-SSVEP,EEGITNet,SSVEP,WithinSession,False,Deep Learning
3037,0.17,27.307104,100.0,47,0,62,2,Lee2019-SSVEP,EEGNeX,SSVEP,WithinSession,False,Deep Learning
"3038,0.29,10.894467,100.0,47,0,62,2,Lee2019-SSVEP,""EEGNet-8,2"",SSVEP,WithinSession,False,Deep Learning"
3039,0.38,12.828872,100.0,47,0,62,2,Lee2019-SSVEP,ShallowConvNet,SSVEP,WithinSession,False,Deep Learning
3040,0.98,25.496418,100.0,47,1,62,2,Lee2019-SSVEP,EEGITNet,SSVEP,WithinSession,False,Deep Learning
3041,0.99,96.79185,100.0,47,1,62,2,Lee2019-SSVEP,EEGNeX,SSVEP,WithinSession,False,Deep Learning
"3042,0.62,14.552759,100.0,47,1,62,2,Lee2019-SSVEP,""EEGNet-8,2"",SSVEP,WithinSession,False,Deep Learning"
3043,0.42,16.609251,100.0,47,1,62,2,Lee2019-SSVEP,ShallowConvNet,SSVEP,WithinSession,False,Deep Learning
3044,0.9,23.228996,100.0,48,0,62,2,Lee2019-SSVEP,EEGITNet,SSVEP,WithinSession,False,Deep Learning
3045,1.0,99.3788,100.0,48,0,62,2,Lee2019-SSVEP,EEGNeX,SSVEP,WithinSession,False,Deep Learning
"3046,0.57,13.173224,100.0,48,0,62,2,Lee2019-SSVEP,""EEGNet-8,2"",SSVEP,WithinSession,False,Deep Learning"
3047,0.75,15.933589,100.0,48,0,62,2,Lee2019-SSVEP,ShallowConvNet,SSVEP,WithinSession,False,Deep Learning
3048,0.98,25.848907,100.0,48,1,62,2,Lee2019-SSVEP,EEGITNet,SSVEP,WithinSession,False,Deep Learning
3049,0.99,98.88587,100.0,48,1,62,2,Lee2019-SSVEP,EEGNeX,SSVEP,WithinSession,False,Deep Learning
"3050,0.84,16.473364,100.0,48,1,62,2,Lee2019-SSVEP,""EEGNet-8,2"",SSVEP,WithinSession,False,Deep Learning"
3051,0.83,32.987274,100.0,48,1,62,2,Lee2019-SSVEP,ShallowConvNet,SSVEP,WithinSession,False,Deep Learning
3052,1.0,25.941174,100.0,49,0,62,2,Lee2019-SSVEP,EEGITNet,SSVEP,WithinSession,False,Deep Learning
3053,1.0,97.46609,100.0,49,0,62,2,Lee2019-SSVEP,EEGNeX,SSVEP,WithinSession,False,Deep Learning
"3054,0.99,17.087,100.0,49,0,62,2,Lee2019-SSVEP,""EEGNet-8,2"",SSVEP,WithinSession,False,Deep Learning"
3055,0.84,34.133247,100.0,49,0,62,2,Lee2019-SSVEP,ShallowConvNet,SSVEP,WithinSession,False,Deep Learning
3056,0.53,13.253204,100.0,49,1,62,2,Lee2019-SSVEP,EEGITNet,SSVEP,WithinSession,False,Deep Learning
3057,1.0,96.93861,100.0,49,1,62,2,Lee2019-SSVEP,EEGNeX,SSVEP,WithinSession,False,Deep Learning
"3058,0.3,6.217965,100.0,49,1,62,2,Lee2019-SSVEP,""EEGNet-8,2"",SSVEP,WithinSession,False,Deep Learning"
3059,0.47,25.36315,100.0,49,1,62,2,Lee2019-SSVEP,ShallowConvNet,SSVEP,WithinSession,False,Deep Learning
3060,0.99,25.135572,100.0,50,0,62,2,Lee2019-SSVEP,EEGITNet,SSVEP,WithinSession,False,Deep Learning
3061,1.0,98.689285,100.0,50,0,62,2,Lee2019-SSVEP,EEGNeX,SSVEP,WithinSession,False,Deep Learning
"3062,0.98,16.83488,100.0,50,0,62,2,Lee2019-SSVEP,""EEGNet-8,2"",SSVEP,WithinSession,False,Deep Learning"
3063,0.83,33.65801,100.0,50,0,62,2,Lee2019-SSVEP,ShallowConvNet,SSVEP,WithinSession,False,Deep Learning
3064,0.93,25.3193,100.0,50,1,62,2,Lee2019-SSVEP,EEGITNet,SSVEP,WithinSession,False,Deep Learning
3065,0.98,97.80329,100.0,50,1,62,2,Lee2019-SSVEP,EEGNeX,SSVEP,WithinSession,False,Deep Learning
"3066,0.58,14.184905,100.0,50,1,62,2,Lee2019-SSVEP,""EEGNet-8,2"",SSVEP,WithinSession,False,Deep Learning"
3067,0.75,34.25858,100.0,50,1,62,2,Lee2019-SSVEP,ShallowConvNet,SSVEP,WithinSession,False,Deep Learning
3068,0.7,22.083448,100.0,51,0,62,2,Lee2019-SSVEP,EEGITNet,SSVEP,WithinSession,False,Deep Learning
3069,0.92,95.22595,100.0,51,0,62,2,Lee2019-SSVEP,EEGNeX,SSVEP,WithinSession,False,Deep Learning
"3070,0.49,14.153676,100.0,51,0,62,2,Lee2019-SSVEP,""EEGNet-8,2"",SSVEP,WithinSession,False,Deep Learning"
3071,0.63,26.083422,100.0,51,0,62,2,Lee2019-SSVEP,ShallowConvNet,SSVEP,WithinSession,False,Deep Learning
3072,0.55,21.985582,100.0,51,1,62,2,Lee2019-SSVEP,EEGITNet,SSVEP,WithinSession,False,Deep Learning
3073,0.68,72.21238,100.0,51,1,62,2,Lee2019-SSVEP,EEGNeX,SSVEP,WithinSession,False,Deep Learning
"3074,0.23,14.351982,100.0,51,1,62,2,Lee2019-SSVEP,""EEGNet-8,2"",SSVEP,WithinSession,False,Deep Learning"
3075,0.5,17.864271,100.0,51,1,62,2,Lee2019-SSVEP,ShallowConvNet,SSVEP,WithinSession,False,Deep Learning
3076,0.97,25.620409,100.0,52,0,62,2,Lee2019-SSVEP,EEGITNet,SSVEP,WithinSession,False,Deep Learning
3077,0.97,97.3527,100.0,52,0,62,2,Lee2019-SSVEP,EEGNeX,SSVEP,WithinSession,False,Deep Learning
"3078,0.71,14.763462,100.0,52,0,62,2,Lee2019-SSVEP,""EEGNet-8,2"",SSVEP,WithinSession,False,Deep Learning"
3079,0.58,33.408966,100.0,52,0,62,2,Lee2019-SSVEP,ShallowConvNet,SSVEP,WithinSession,False,Deep Learning
3080,0.89,26.27516,100.0,52,1,62,2,Lee2019-SSVEP,EEGITNet,SSVEP,WithinSession,False,Deep Learning
3081,0.98,97.45252,100.0,52,1,62,2,Lee2019-SSVEP,EEGNeX,SSVEP,WithinSession,False,Deep Learning
"3082,0.7,14.318664,100.0,52,1,62,2,Lee2019-SSVEP,""EEGNet-8,2"",SSVEP,WithinSession,False,Deep Learning"
3083,0.48,24.505032,100.0,52,1,62,2,Lee2019-SSVEP,ShallowConvNet,SSVEP,WithinSession,False,Deep Learning
3084,1.0,25.054832,100.0,53,0,62,2,Lee2019-SSVEP,EEGITNet,SSVEP,WithinSession,False,Deep Learning
3085,0.99,98.20127,100.0,53,0,62,2,Lee2019-SSVEP,EEGNeX,SSVEP,WithinSession,False,Deep Learning
"3086,0.24,8.887102,100.0,53,0,62,2,Lee2019-SSVEP,""EEGNet-8,2"",SSVEP,WithinSession,False,Deep Learning"
3087,0.46,15.135725,100.0,53,0,62,2,Lee2019-SSVEP,ShallowConvNet,SSVEP,WithinSession,False,Deep Learning
3088,0.99,25.778257,100.0,53,1,62,2,Lee2019-SSVEP,EEGITNet,SSVEP,WithinSession,False,Deep Learning
3089,0.97,98.51664,100.0,53,1,62,2,Lee2019-SSVEP,EEGNeX,SSVEP,WithinSession,False,Deep Learning
"3090,0.71,14.150776,100.0,53,1,62,2,Lee2019-SSVEP,""EEGNet-8,2"",SSVEP,WithinSession,False,Deep Learning"
3091,0.65,17.774124,100.0,53,1,62,2,Lee2019-SSVEP,ShallowConvNet,SSVEP,WithinSession,False,Deep Learning
3092,0.83,25.078764,100.0,54,0,62,2,Lee2019-SSVEP,EEGITNet,SSVEP,WithinSession,False,Deep Learning
3093,0.86,85.53711,100.0,54,0,62,2,Lee2019-SSVEP,EEGNeX,SSVEP,WithinSession,False,Deep Learning
"3094,0.37,15.0704775,100.0,54,0,62,2,Lee2019-SSVEP,""EEGNet-8,2"",SSVEP,WithinSession,False,Deep Learning"
3095,0.54,29.752495,100.0,54,0,62,2,Lee2019-SSVEP,ShallowConvNet,SSVEP,WithinSession,False,Deep Learning
3096,0.72,20.239487,100.0,54,1,62,2,Lee2019-SSVEP,EEGITNet,SSVEP,WithinSession,False,Deep Learning
3097,0.84,63.349213,100.0,54,1,62,2,Lee2019-SSVEP,EEGNeX,SSVEP,WithinSession,False,Deep Learning
"3098,0.26,10.286896,100.0,54,1,62,2,Lee2019-SSVEP,""EEGNet-8,2"",SSVEP,WithinSession,False,Deep Learning"
3099,0.63,20.204315,100.0,54,1,62,2,Lee2019-SSVEP,ShallowConvNet,SSVEP,WithinSession,False,Deep Learning
3100,0.9120879,42.525314,69.0,1,0,256,1,MAMEM1,EEGITNet,SSVEP,WithinSession,False,Deep Learning
3101,0.954945,184.53175,69.0,1,0,256,1,MAMEM1,EEGNeX,SSVEP,WithinSession,False,Deep Learning
"3102,0.8406593,24.735931,69.0,1,0,256,1,MAMEM1,""EEGNet-8,2"",SSVEP,WithinSession,False,Deep Learning"
3103,0.2,10800.0,69.0,1,0,256,1,MAMEM1,ShallowConvNet,SSVEP,WithinSession,True,Deep Learning
3104,0.6086956,60.64578,115.0,2,0,256,1,MAMEM1,EEGITNet,SSVEP,WithinSession,False,Deep Learning
3105,0.6086956,243.52486,115.0,2,0,256,1,MAMEM1,EEGNeX,SSVEP,WithinSession,False,Deep Learning
"3106,0.4869565,29.029503,115.0,2,0,256,1,MAMEM1,""EEGNet-8,2"",SSVEP,WithinSession,False,Deep Learning"
3107,0.5565217,1367.4968,115.0,2,0,256,1,MAMEM1,ShallowConvNet,SSVEP,WithinSession,False,Deep Learning
3108,0.189011,23.71475,69.0,3,0,256,1,MAMEM1,EEGITNet,SSVEP,WithinSession,False,Deep Learning
3109,0.34725276,69.22126,69.0,3,0,256,1,MAMEM1,EEGNeX,SSVEP,WithinSession,False,Deep Learning
"3110,0.26043957,17.908636,69.0,3,0,256,1,MAMEM1,""EEGNet-8,2"",SSVEP,WithinSession,False,Deep Learning"
3111,0.2,10800.0,69.0,3,0,256,1,MAMEM1,ShallowConvNet,SSVEP,WithinSession,True,Deep Learning
3112,0.3491228,19.041096,92.0,4,0,256,1,MAMEM1,EEGITNet,SSVEP,WithinSession,False,Deep Learning
3113,0.6087719,169.49751,92.0,4,0,256,1,MAMEM1,EEGNeX,SSVEP,WithinSession,False,Deep Learning
"3114,0.448538,22.145702,92.0,4,0,256,1,MAMEM1,""EEGNet-8,2"",SSVEP,WithinSession,False,Deep Learning"
3115,0.4134503,1319.7247,92.0,4,0,256,1,MAMEM1,ShallowConvNet,SSVEP,WithinSession,False,Deep Learning
3116,0.45217392,37.22964,115.0,5,0,256,1,MAMEM1,EEGITNet,SSVEP,WithinSession,False,Deep Learning
3117,0.5043478,164.62671,115.0,5,0,256,1,MAMEM1,EEGNeX,SSVEP,WithinSession,False,Deep Learning
"3118,0.2,17.079657,115.0,5,0,256,1,MAMEM1,""EEGNet-8,2"",SSVEP,WithinSession,False,Deep Learning"
3119,0.22608696,311.1963,115.0,5,0,256,1,MAMEM1,ShallowConvNet,SSVEP,WithinSession,False,Deep Learning
3120,0.7502924,53.217716,92.0,6,0,256,1,MAMEM1,EEGITNet,SSVEP,WithinSession,False,Deep Learning
3121,0.8473684,258.1645,92.0,6,0,256,1,MAMEM1,EEGNeX,SSVEP,WithinSession,False,Deep Learning
"3122,0.29473683,22.65674,92.0,6,0,256,1,MAMEM1,""EEGNet-8,2"",SSVEP,WithinSession,False,Deep Learning"
3123,0.29532164,238.04388,92.0,6,0,256,1,MAMEM1,ShallowConvNet,SSVEP,WithinSession,False,Deep Learning
3124,0.8956522,60.28196,115.0,7,0,256,1,MAMEM1,EEGITNet,SSVEP,WithinSession,False,Deep Learning
3125,0.84347826,284.07242,115.0,7,0,256,1,MAMEM1,EEGNeX,SSVEP,WithinSession,False,Deep Learning
"3126,0.31304348,24.257364,115.0,7,0,256,1,MAMEM1,""EEGNet-8,2"",SSVEP,WithinSession,False,Deep Learning"
3127,0.32173914,1162.246,115.0,7,0,256,1,MAMEM1,ShallowConvNet,SSVEP,WithinSession,False,Deep Learning
3128,0.189011,16.005123,69.0,8,0,256,1,MAMEM1,EEGITNet,SSVEP,WithinSession,False,Deep Learning
3129,0.23076923,56.197884,69.0,8,0,256,1,MAMEM1,EEGNeX,SSVEP,WithinSession,False,Deep Learning
"3130,0.189011,9.335491,69.0,8,0,256,1,MAMEM1,""EEGNet-8,2"",SSVEP,WithinSession,False,Deep Learning"
3131,0.21648352,334.3485,69.0,8,0,256,1,MAMEM1,ShallowConvNet,SSVEP,WithinSession,False,Deep Learning
3132,0.8521739,53.382072,115.0,9,0,256,1,MAMEM1,EEGITNet,SSVEP,WithinSession,False,Deep Learning
3133,0.90434784,234.07133,115.0,9,0,256,1,MAMEM1,EEGNeX,SSVEP,WithinSession,False,Deep Learning
"3134,0.9826087,36.184887,115.0,9,0,256,1,MAMEM1,""EEGNet-8,2"",SSVEP,WithinSession,False,Deep Learning"
3135,0.973913,2071.1558,115.0,9,0,256,1,MAMEM1,ShallowConvNet,SSVEP,WithinSession,False,Deep Learning
3136,0.6086956,30.34816,115.0,10,0,256,1,MAMEM1,EEGITNet,SSVEP,WithinSession,False,Deep Learning
3137,0.8608696,306.3294,115.0,10,0,256,1,MAMEM1,EEGNeX,SSVEP,WithinSession,False,Deep Learning
"3138,0.28695652,28.002247,115.0,10,0,256,1,MAMEM1,""EEGNet-8,2"",SSVEP,WithinSession,False,Deep Learning"
3139,0.2,10800.0,115.0,10,0,256,1,MAMEM1,ShallowConvNet,SSVEP,WithinSession,True,Deep Learning
3140,0.16,37.069527,125.0,1,0,256,1,MAMEM2,EEGITNet,SSVEP,WithinSession,False,Deep Learning
3141,0.24,94.30121,125.0,1,0,256,1,MAMEM2,EEGNeX,SSVEP,WithinSession,False,Deep Learning
"3142,0.296,32.740444,125.0,1,0,256,1,MAMEM2,""EEGNet-8,2"",SSVEP,WithinSession,False,Deep Learning"
3143,0.504,2042.6096,125.0,1,0,256,1,MAMEM2,ShallowConvNet,SSVEP,WithinSession,False,Deep Learning
3144,0.208,23.604456,125.0,2,0,256,1,MAMEM2,EEGITNet,SSVEP,WithinSession,False,Deep Learning
3145,0.344,562.10333,125.0,2,0,256,1,MAMEM2,EEGNeX,SSVEP,WithinSession,False,Deep Learning
"3146,0.312,21.377113,125.0,2,0,256,1,MAMEM2,""EEGNet-8,2"",SSVEP,WithinSession,False,Deep Learning"
3147,0.224,839.0504,125.0,2,0,256,1,MAMEM2,ShallowConvNet,SSVEP,WithinSession,False,Deep Learning
3148,0.168,30.74213,125.0,3,0,256,1,MAMEM2,EEGITNet,SSVEP,WithinSession,False,Deep Learning
3149,0.288,118.22622,125.0,3,0,256,1,MAMEM2,EEGNeX,SSVEP,WithinSession,False,Deep Learning
"3150,0.176,57.38086,125.0,3,0,256,1,MAMEM2,""EEGNet-8,2"",SSVEP,WithinSession,False,Deep Learning"
3151,0.208,289.6426,125.0,3,0,256,1,MAMEM2,ShallowConvNet,SSVEP,WithinSession,False,Deep Learning
3152,0.176,28.468555,125.0,4,0,256,1,MAMEM2,EEGITNet,SSVEP,WithinSession,False,Deep Learning
3153,0.24,101.653336,125.0,4,0,256,1,MAMEM2,EEGNeX,SSVEP,WithinSession,False,Deep Learning
"3154,0.192,20.568653,125.0,4,0,256,1,MAMEM2,""EEGNet-8,2"",SSVEP,WithinSession,False,Deep Learning"
3155,0.232,271.14636,125.0,4,0,256,1,MAMEM2,ShallowConvNet,SSVEP,WithinSession,False,Deep Learning
3156,0.216,23.399403,125.0,5,0,256,1,MAMEM2,EEGITNet,SSVEP,WithinSession,False,Deep Learning
3157,0.2,94.65649,125.0,5,0,256,1,MAMEM2,EEGNeX,SSVEP,WithinSession,False,Deep Learning
"3158,0.208,21.237404,125.0,5,0,256,1,MAMEM2,""EEGNet-8,2"",SSVEP,WithinSession,False,Deep Learning"
3159,0.184,330.50977,125.0,5,0,256,1,MAMEM2,ShallowConvNet,SSVEP,WithinSession,False,Deep Learning
3160,0.408,45.13836,125.0,6,0,256,1,MAMEM2,EEGITNet,SSVEP,WithinSession,False,Deep Learning
3161,0.448,149.81255,125.0,6,0,256,1,MAMEM2,EEGNeX,SSVEP,WithinSession,False,Deep Learning
"3162,0.264,16.206291,125.0,6,0,256,1,MAMEM2,""EEGNet-8,2"",SSVEP,WithinSession,False,Deep Learning"
3163,0.264,269.68936,125.0,6,0,256,1,MAMEM2,ShallowConvNet,SSVEP,WithinSession,False,Deep Learning
3164,0.232,24.937994,125.0,7,0,256,1,MAMEM2,EEGITNet,SSVEP,WithinSession,False,Deep Learning
3165,0.168,278.78387,125.0,7,0,256,1,MAMEM2,EEGNeX,SSVEP,WithinSession,False,Deep Learning
"3166,0.272,26.037434,125.0,7,0,256,1,MAMEM2,""EEGNet-8,2"",SSVEP,WithinSession,False,Deep Learning"
3167,0.272,268.1195,125.0,7,0,256,1,MAMEM2,ShallowConvNet,SSVEP,WithinSession,False,Deep Learning
3168,0.248,24.411465,125.0,8,0,256,1,MAMEM2,EEGITNet,SSVEP,WithinSession,False,Deep Learning
3169,0.272,130.9743,125.0,8,0,256,1,MAMEM2,EEGNeX,SSVEP,WithinSession,False,Deep Learning
"3170,0.192,25.181509,125.0,8,0,256,1,MAMEM2,""EEGNet-8,2"",SSVEP,WithinSession,False,Deep Learning"
3171,0.176,277.8102,125.0,8,0,256,1,MAMEM2,ShallowConvNet,SSVEP,WithinSession,False,Deep Learning
3172,0.248,77.643974,125.0,9,0,256,1,MAMEM2,EEGITNet,SSVEP,WithinSession,False,Deep Learning
3173,0.28,97.560036,125.0,9,0,256,1,MAMEM2,EEGNeX,SSVEP,WithinSession,False,Deep Learning
"3174,0.336,21.88923,125.0,9,0,256,1,MAMEM2,""EEGNet-8,2"",SSVEP,WithinSession,False,Deep Learning"
3175,0.2,10800.0,125.0,9,0,256,1,MAMEM2,ShallowConvNet,SSVEP,WithinSession,True,Deep Learning
3176,0.208,26.539179,125.0,10,0,256,1,MAMEM2,EEGITNet,SSVEP,WithinSession,False,Deep Learning
3177,0.152,181.64717,125.0,10,0,256,1,MAMEM2,EEGNeX,SSVEP,WithinSession,False,Deep Learning
"3178,0.208,17.725204,125.0,10,0,256,1,MAMEM2,""EEGNet-8,2"",SSVEP,WithinSession,False,Deep Learning"
3179,0.32,821.16565,125.0,10,0,256,1,MAMEM2,ShallowConvNet,SSVEP,WithinSession,False,Deep Learning
3180,0.19,6.591317,100.0,1,0,14,1,MAMEM3,EEGITNet,SSVEP,WithinSession,False,Deep Learning
3181,0.26,8.909472,100.0,1,0,14,1,MAMEM3,EEGNeX,SSVEP,WithinSession,False,Deep Learning
"3182,0.49,10.112334,100.0,1,0,14,1,MAMEM3,""EEGNet-8,2"",SSVEP,WithinSession,False,Deep Learning"
3183,0.57,7.910948,100.0,1,0,14,1,MAMEM3,ShallowConvNet,SSVEP,WithinSession,False,Deep Learning
3184,0.16,6.5143037,100.0,2,0,14,1,MAMEM3,EEGITNet,SSVEP,WithinSession,False,Deep Learning
3185,0.18,29.430874,100.0,2,0,14,1,MAMEM3,EEGNeX,SSVEP,WithinSession,False,Deep Learning
"3186,0.32,5.3805614,100.0,2,0,14,1,MAMEM3,""EEGNet-8,2"",SSVEP,WithinSession,False,Deep Learning"
3187,0.46,9.168509,100.0,2,0,14,1,MAMEM3,ShallowConvNet,SSVEP,WithinSession,False,Deep Learning
3188,0.19,6.343543,100.0,3,0,14,1,MAMEM3,EEGITNet,SSVEP,WithinSession,False,Deep Learning
3189,0.24,27.710064,100.0,3,0,14,1,MAMEM3,EEGNeX,SSVEP,WithinSession,False,Deep Learning
"3190,0.21,5.7439547,100.0,3,0,14,1,MAMEM3,""EEGNet-8,2"",SSVEP,WithinSession,False,Deep Learning"
3191,0.25,6.1676435,100.0,3,0,14,1,MAMEM3,ShallowConvNet,SSVEP,WithinSession,False,Deep Learning
3192,0.26,6.01007,100.0,4,0,14,1,MAMEM3,EEGITNet,SSVEP,WithinSession,False,Deep Learning
3193,0.3,29.395296,100.0,4,0,14,1,MAMEM3,EEGNeX,SSVEP,WithinSession,False,Deep Learning
"3194,0.22,5.5731735,100.0,4,0,14,1,MAMEM3,""EEGNet-8,2"",SSVEP,WithinSession,False,Deep Learning"
3195,0.33,4.3697696,100.0,4,0,14,1,MAMEM3,ShallowConvNet,SSVEP,WithinSession,False,Deep Learning
3196,0.28,9.402492,100.0,5,0,14,1,MAMEM3,EEGITNet,SSVEP,WithinSession,False,Deep Learning
3197,0.31,8.43044,100.0,5,0,14,1,MAMEM3,EEGNeX,SSVEP,WithinSession,False,Deep Learning
"3198,0.3,5.331627,100.0,5,0,14,1,MAMEM3,""EEGNet-8,2"",SSVEP,WithinSession,False,Deep Learning"
3199,0.23,4.1402535,100.0,5,0,14,1,MAMEM3,ShallowConvNet,SSVEP,WithinSession,False,Deep Learning
3200,0.25,6.811818,100.0,6,0,14,1,MAMEM3,EEGITNet,SSVEP,WithinSession,False,Deep Learning
3201,0.19,29.895391,100.0,6,0,14,1,MAMEM3,EEGNeX,SSVEP,WithinSession,False,Deep Learning
"3202,0.29,5.28124,100.0,6,0,14,1,MAMEM3,""EEGNet-8,2"",SSVEP,WithinSession,False,Deep Learning"
3203,0.28,6.6172986,100.0,6,0,14,1,MAMEM3,ShallowConvNet,SSVEP,WithinSession,False,Deep Learning
3204,0.26,6.5786304,100.0,7,0,14,1,MAMEM3,EEGITNet,SSVEP,WithinSession,False,Deep Learning
3205,0.27,28.234543,100.0,7,0,14,1,MAMEM3,EEGNeX,SSVEP,WithinSession,False,Deep Learning
"3206,0.16,4.704909,100.0,7,0,14,1,MAMEM3,""EEGNet-8,2"",SSVEP,WithinSession,False,Deep Learning"
3207,0.24,3.8324778,100.0,7,0,14,1,MAMEM3,ShallowConvNet,SSVEP,WithinSession,False,Deep Learning
3208,0.3,6.3919168,100.0,8,0,14,1,MAMEM3,EEGITNet,SSVEP,WithinSession,False,Deep Learning
3209,0.2,8.290124,100.0,8,0,14,1,MAMEM3,EEGNeX,SSVEP,WithinSession,False,Deep Learning
"3210,0.24,5.454903,100.0,8,0,14,1,MAMEM3,""EEGNet-8,2"",SSVEP,WithinSession,False,Deep Learning"
3211,0.18,4.5053587,100.0,8,0,14,1,MAMEM3,ShallowConvNet,SSVEP,WithinSession,False,Deep Learning
3212,0.34,6.068568,100.0,9,0,14,1,MAMEM3,EEGITNet,SSVEP,WithinSession,False,Deep Learning
3213,0.3,26.993279,100.0,9,0,14,1,MAMEM3,EEGNeX,SSVEP,WithinSession,False,Deep Learning
"3214,0.26,4.8898225,100.0,9,0,14,1,MAMEM3,""EEGNet-8,2"",SSVEP,WithinSession,False,Deep Learning"
3215,0.35,6.6172695,100.0,9,0,14,1,MAMEM3,ShallowConvNet,SSVEP,WithinSession,False,Deep Learning
3216,0.27,7.2473416,100.0,10,0,14,1,MAMEM3,EEGITNet,SSVEP,WithinSession,False,Deep Learning
3217,0.23,28.006384,100.0,10,0,14,1,MAMEM3,EEGNeX,SSVEP,WithinSession,False,Deep Learning
"3218,0.26,4.9528036,100.0,10,0,14,1,MAMEM3,""EEGNet-8,2"",SSVEP,WithinSession,False,Deep Learning"
3219,0.42,5.7156806,100.0,10,0,14,1,MAMEM3,ShallowConvNet,SSVEP,WithinSession,False,Deep Learning
3220,0.8055556,11.720984,180.0,1,0,8,1,Nakanishi2015,EEGITNet,SSVEP,WithinSession,False,Deep Learning
3221,0.81666666,10.311008,180.0,1,0,8,1,Nakanishi2015,EEGNeX,SSVEP,WithinSession,False,Deep Learning
"3222,0.31111112,6.2505426,180.0,1,0,8,1,Nakanishi2015,""EEGNet-8,2"",SSVEP,WithinSession,False,Deep Learning"
3223,0.4722222,5.5931234,180.0,1,0,8,1,Nakanishi2015,ShallowConvNet,SSVEP,WithinSession,False,Deep Learning
3224,0.76111114,7.1712594,180.0,2,0,8,1,Nakanishi2015,EEGITNet,SSVEP,WithinSession,False,Deep Learning
3225,0.7888889,28.36147,180.0,2,0,8,1,Nakanishi2015,EEGNeX,SSVEP,WithinSession,False,Deep Learning
"3226,0.21111111,4.1332784,180.0,2,0,8,1,Nakanishi2015,""EEGNet-8,2"",SSVEP,WithinSession,False,Deep Learning"
3227,0.21111111,5.9215565,180.0,2,0,8,1,Nakanishi2015,ShallowConvNet,SSVEP,WithinSession,False,Deep Learning
3228,0.76111114,7.1469545,180.0,3,0,8,1,Nakanishi2015,EEGITNet,SSVEP,WithinSession,False,Deep Learning
3229,0.8333333,38.691742,180.0,3,0,8,1,Nakanishi2015,EEGNeX,SSVEP,WithinSession,False,Deep Learning
"3230,0.35,7.003456,180.0,3,0,8,1,Nakanishi2015,""EEGNet-8,2"",SSVEP,WithinSession,False,Deep Learning"
3231,0.65555555,5.8823514,180.0,3,0,8,1,Nakanishi2015,ShallowConvNet,SSVEP,WithinSession,False,Deep Learning
3232,0.8333333,6.8572283,180.0,4,0,8,1,Nakanishi2015,EEGITNet,SSVEP,WithinSession,False,Deep Learning
3233,0.8333333,41.078335,180.0,4,0,8,1,Nakanishi2015,EEGNeX,SSVEP,WithinSession,False,Deep Learning
"3234,0.6666667,4.0952134,180.0,4,0,8,1,Nakanishi2015,""EEGNet-8,2"",SSVEP,WithinSession,False,Deep Learning"
3235,0.6166667,5.713474,180.0,4,0,8,1,Nakanishi2015,ShallowConvNet,SSVEP,WithinSession,False,Deep Learning
3236,0.8333333,6.8463154,180.0,5,0,8,1,Nakanishi2015,EEGITNet,SSVEP,WithinSession,False,Deep Learning
3237,0.8333333,40.336758,180.0,5,0,8,1,Nakanishi2015,EEGNeX,SSVEP,WithinSession,False,Deep Learning
"3238,0.57222223,4.128813,180.0,5,0,8,1,Nakanishi2015,""EEGNet-8,2"",SSVEP,WithinSession,False,Deep Learning"
3239,0.57222223,9.763946,180.0,5,0,8,1,Nakanishi2015,ShallowConvNet,SSVEP,WithinSession,False,Deep Learning
3240,0.8333333,6.82933,180.0,6,0,8,1,Nakanishi2015,EEGITNet,SSVEP,WithinSession,False,Deep Learning
3241,0.8333333,39.960663,180.0,6,0,8,1,Nakanishi2015,EEGNeX,SSVEP,WithinSession,False,Deep Learning
"3242,0.5611111,4.378874,180.0,6,0,8,1,Nakanishi2015,""EEGNet-8,2"",SSVEP,WithinSession,False,Deep Learning"
3243,0.73333335,10.257355,180.0,6,0,8,1,Nakanishi2015,ShallowConvNet,SSVEP,WithinSession,False,Deep Learning
3244,0.82222223,7.6144056,180.0,7,0,8,1,Nakanishi2015,EEGITNet,SSVEP,WithinSession,False,Deep Learning
3245,0.8333333,39.702854,180.0,7,0,8,1,Nakanishi2015,EEGNeX,SSVEP,WithinSession,False,Deep Learning
"3246,0.33333334,4.08109,180.0,7,0,8,1,Nakanishi2015,""EEGNet-8,2"",SSVEP,WithinSession,False,Deep Learning"
3247,0.4722222,6.0370626,180.0,7,0,8,1,Nakanishi2015,ShallowConvNet,SSVEP,WithinSession,False,Deep Learning
3248,0.79444444,11.181665,180.0,8,0,8,1,Nakanishi2015,EEGITNet,SSVEP,WithinSession,False,Deep Learning
3249,0.8333333,41.855022,180.0,8,0,8,1,Nakanishi2015,EEGNeX,SSVEP,WithinSession,False,Deep Learning
"3250,0.46666667,4.071334,180.0,8,0,8,1,Nakanishi2015,""EEGNet-8,2"",SSVEP,WithinSession,False,Deep Learning"
3251,0.6666667,6.031415,180.0,8,0,8,1,Nakanishi2015,ShallowConvNet,SSVEP,WithinSession,False,Deep Learning
3252,0.8333333,6.9978313,180.0,9,0,8,1,Nakanishi2015,EEGITNet,SSVEP,WithinSession,False,Deep Learning
3253,0.8333333,37.950493,180.0,9,0,8,1,Nakanishi2015,EEGNeX,SSVEP,WithinSession,False,Deep Learning
"3254,0.5,4.263444,180.0,9,0,8,1,Nakanishi2015,""EEGNet-8,2"",SSVEP,WithinSession,False,Deep Learning"
3255,0.7722222,6.100228,180.0,9,0,8,1,Nakanishi2015,ShallowConvNet,SSVEP,WithinSession,False,Deep Learning
