;score;time;samples;carbon_emission;subject;session;channels;n_sessions;dataset;pipeline;paradigm;evaluation;pipeline_category
12;0.99;15.094016;100.0;0.10778262;7;session_1;62;2;Lee2019-SSVEP;SSVEP_MDM;SSVEP;WithinSession;Riemannian
13;0.99;14.71559;100.0;0.10509101;7;session_2;62;2;Lee2019-SSVEP;SSVEP_MDM;SSVEP;WithinSession;Riemannian
14;0.57;14.422274;100.0;0.102996014;8;session_1;62;2;Lee2019-SSVEP;SSVEP_MDM;SSVEP;WithinSession;Riemannian
15;0.73;12.995511;100.0;0.0928063;8;session_2;62;2;Lee2019-SSVEP;SSVEP_MDM;SSVEP;WithinSession;Riemannian
16;0.61;18.035685;100.0;0.12880097;9;session_1;62;2;Lee2019-SSVEP;SSVEP_MDM;SSVEP;WithinSession;Riemannian
17;0.56;14.655023;100.0;0.10465825;9;session_2;62;2;Lee2019-SSVEP;SSVEP_MDM;SSVEP;WithinSession;Riemannian
18;0.61;14.32575;100.0;0.10230652;10;session_1;62;2;Lee2019-SSVEP;SSVEP_MDM;SSVEP;WithinSession;Riemannian
19;0.58;14.491012;100.0;0.103487;10;session_2;62;2;Lee2019-SSVEP;SSVEP_MDM;SSVEP;WithinSession;Riemannian
20;0.81;15.32939;100.0;0.10947356;11;session_1;62;2;Lee2019-SSVEP;SSVEP_MDM;SSVEP;WithinSession;Riemannian
21;0.75;15.31911;100.0;0.10940034;11;session_2;62;2;Lee2019-SSVEP;SSVEP_MDM;SSVEP;WithinSession;Riemannian
22;0.99;15.372316;100.0;0.10977473;12;session_1;62;2;Lee2019-SSVEP;SSVEP_MDM;SSVEP;WithinSession;Riemannian
23;0.86;14.977196;100.0;0.10695334;12;session_2;62;2;Lee2019-SSVEP;SSVEP_MDM;SSVEP;WithinSession;Riemannian
24;0.77;14.901274;100.0;0.10641507;13;session_1;62;2;Lee2019-SSVEP;SSVEP_MDM;SSVEP;WithinSession;Riemannian
25;0.65;15.627471;100.0;0.11160283;13;session_2;62;2;Lee2019-SSVEP;SSVEP_MDM;SSVEP;WithinSession;Riemannian
26;0.67;17.28482;100.0;0.123439245;14;session_1;62;2;Lee2019-SSVEP;SSVEP_MDM;SSVEP;WithinSession;Riemannian
27;0.41;22.949528;100.0;0.16389404;14;session_2;62;2;Lee2019-SSVEP;SSVEP_MDM;SSVEP;WithinSession;Riemannian
28;0.97;15.794225;100.0;0.11279356;15;session_1;62;2;Lee2019-SSVEP;SSVEP_MDM;SSVEP;WithinSession;Riemannian
29;0.91;13.977007;100.0;0.09981592;15;session_2;62;2;Lee2019-SSVEP;SSVEP_MDM;SSVEP;WithinSession;Riemannian
30;0.9;13.472376;100.0;0.096212074;16;session_1;62;2;Lee2019-SSVEP;SSVEP_MDM;SSVEP;WithinSession;Riemannian
31;0.88;15.132905;100.0;0.108070515;16;session_2;62;2;Lee2019-SSVEP;SSVEP_MDM;SSVEP;WithinSession;Riemannian
32;0.85;15.349084;100.0;0.10961436;17;session_1;62;2;Lee2019-SSVEP;SSVEP_MDM;SSVEP;WithinSession;Riemannian
33;0.76;15.840188;100.0;0.11312182;17;session_2;62;2;Lee2019-SSVEP;SSVEP_MDM;SSVEP;WithinSession;Riemannian
34;0.97;16.11233;100.0;0.11506633;18;session_1;62;2;Lee2019-SSVEP;SSVEP_MDM;SSVEP;WithinSession;Riemannian
35;1.0;15.569678;100.0;0.111189805;18;session_2;62;2;Lee2019-SSVEP;SSVEP_MDM;SSVEP;WithinSession;Riemannian
36;0.73;16.219685;100.0;0.11583219;19;session_1;62;2;Lee2019-SSVEP;SSVEP_MDM;SSVEP;WithinSession;Riemannian
37;0.67;15.744143;100.0;0.11243594;19;session_2;62;2;Lee2019-SSVEP;SSVEP_MDM;SSVEP;WithinSession;Riemannian
38;0.61;21.41657;100.0;0.152946;20;session_1;62;2;Lee2019-SSVEP;SSVEP_MDM;SSVEP;WithinSession;Riemannian
39;0.54;14.451253;100.0;0.10320301;20;session_2;62;2;Lee2019-SSVEP;SSVEP_MDM;SSVEP;WithinSession;Riemannian
40;0.87;15.125222;100.0;0.10801161;21;session_1;62;2;Lee2019-SSVEP;SSVEP_MDM;SSVEP;WithinSession;Riemannian
41;0.97;15.05252;100.0;0.107488774;21;session_2;62;2;Lee2019-SSVEP;SSVEP_MDM;SSVEP;WithinSession;Riemannian
42;0.66;14.535818;100.0;0.10380018;22;session_1;62;2;Lee2019-SSVEP;SSVEP_MDM;SSVEP;WithinSession;Riemannian
43;0.46;14.977752;100.0;0.10696311;22;session_2;62;2;Lee2019-SSVEP;SSVEP_MDM;SSVEP;WithinSession;Riemannian
44;0.41;14.617881;100.0;0.10439301;23;session_1;62;2;Lee2019-SSVEP;SSVEP_MDM;SSVEP;WithinSession;Riemannian
54;0.88;14.332066;100.0;0.10235185;28;session_1;62;2;Lee2019-SSVEP;SSVEP_MDM;SSVEP;WithinSession;Riemannian
55;0.85;14.230517;100.0;0.10162661;28;session_2;62;2;Lee2019-SSVEP;SSVEP_MDM;SSVEP;WithinSession;Riemannian
56;0.6;15.96158;100.0;0.1139888;29;session_1;62;2;Lee2019-SSVEP;SSVEP_MDM;SSVEP;WithinSession;Riemannian
57;0.46;15.365429;100.0;0.10973116;29;session_2;62;2;Lee2019-SSVEP;SSVEP_MDM;SSVEP;WithinSession;Riemannian
58;0.96;16.261997;100.0;0.11613437;30;session_1;62;2;Lee2019-SSVEP;SSVEP_MDM;SSVEP;WithinSession;Riemannian
59;0.52;28.7972;100.0;0.20565563;30;session_2;62;2;Lee2019-SSVEP;SSVEP_MDM;SSVEP;WithinSession;Riemannian
60;0.99;15.583466;100.0;0.11128843;31;session_1;62;2;Lee2019-SSVEP;SSVEP_MDM;SSVEP;WithinSession;Riemannian
61;0.99;15.78396;100.0;0.11272005;31;session_2;62;2;Lee2019-SSVEP;SSVEP_MDM;SSVEP;WithinSession;Riemannian
62;0.94;16.643326;100.0;0.11885778;32;session_1;62;2;Lee2019-SSVEP;SSVEP_MDM;SSVEP;WithinSession;Riemannian
63;0.74;18.637974;100.0;0.1331025;32;session_2;62;2;Lee2019-SSVEP;SSVEP_MDM;SSVEP;WithinSession;Riemannian
64;0.82;14.433355;100.0;0.103075184;33;session_1;62;2;Lee2019-SSVEP;SSVEP_MDM;SSVEP;WithinSession;Riemannian
65;0.66;14.177332;100.0;0.101246856;33;session_2;62;2;Lee2019-SSVEP;SSVEP_MDM;SSVEP;WithinSession;Riemannian
66;0.4;15.739106;100.0;0.11239997;34;session_1;62;2;Lee2019-SSVEP;SSVEP_MDM;SSVEP;WithinSession;Riemannian
67;0.54;15.552403;100.0;0.111066535;34;session_2;62;2;Lee2019-SSVEP;SSVEP_MDM;SSVEP;WithinSession;Riemannian
68;0.88;15.190563;100.0;0.10848215;35;session_1;62;2;Lee2019-SSVEP;SSVEP_MDM;SSVEP;WithinSession;Riemannian
69;0.77;15.867909;100.0;0.11331982;35;session_2;62;2;Lee2019-SSVEP;SSVEP_MDM;SSVEP;WithinSession;Riemannian
70;1.0;16.693853;100.0;0.119218595;36;session_1;62;2;Lee2019-SSVEP;SSVEP_MDM;SSVEP;WithinSession;Riemannian
71;1.0;15.908336;100.0;0.11360844;36;session_2;62;2;Lee2019-SSVEP;SSVEP_MDM;SSVEP;WithinSession;Riemannian
72;0.76;16.183058;100.0;0.11557051;37;session_1;62;2;Lee2019-SSVEP;SSVEP_MDM;SSVEP;WithinSession;Riemannian
83;0.39;18.51295;100.0;0.1322093;42;session_2;62;2;Lee2019-SSVEP;SSVEP_MDM;SSVEP;WithinSession;Riemannian
84;0.85;15.800058;100.0;0.112835035;43;session_1;62;2;Lee2019-SSVEP;SSVEP_MDM;SSVEP;WithinSession;Riemannian
85;0.98;16.262913;100.0;0.11614091;43;session_2;62;2;Lee2019-SSVEP;SSVEP_MDM;SSVEP;WithinSession;Riemannian
86;1.0;14.993249;100.0;0.10707398;44;session_1;62;2;Lee2019-SSVEP;SSVEP_MDM;SSVEP;WithinSession;Riemannian
87;0.94;14.381864;100.0;0.1027074;44;session_2;62;2;Lee2019-SSVEP;SSVEP_MDM;SSVEP;WithinSession;Riemannian
88;0.65;15.488699;100.0;0.11061154;45;session_1;62;2;Lee2019-SSVEP;SSVEP_MDM;SSVEP;WithinSession;Riemannian
89;0.95;16.191051;100.0;0.11562769;45;session_2;62;2;Lee2019-SSVEP;SSVEP_MDM;SSVEP;WithinSession;Riemannian
90;0.61;16.181082;100.0;0.115556434;46;session_1;62;2;Lee2019-SSVEP;SSVEP_MDM;SSVEP;WithinSession;Riemannian
91;0.72;16.765095;100.0;0.11972743;46;session_2;62;2;Lee2019-SSVEP;SSVEP_MDM;SSVEP;WithinSession;Riemannian
92;0.26;13.146746;100.0;0.093886405;47;session_1;62;2;Lee2019-SSVEP;SSVEP_MDM;SSVEP;WithinSession;Riemannian
93;0.53;14.258693;100.0;0.10182797;47;session_2;62;2;Lee2019-SSVEP;SSVEP_MDM;SSVEP;WithinSession;Riemannian
94;0.87;14.94655;100.0;0.10672993;48;session_1;62;2;Lee2019-SSVEP;SSVEP_MDM;SSVEP;WithinSession;Riemannian
95;0.93;15.342395;100.0;0.10956675;48;session_2;62;2;Lee2019-SSVEP;SSVEP_MDM;SSVEP;WithinSession;Riemannian
96;0.99;15.379486;100.0;0.10983144;49;session_1;62;2;Lee2019-SSVEP;SSVEP_MDM;SSVEP;WithinSession;Riemannian
97;0.72;14.836055;100.0;0.10594944;49;session_2;62;2;Lee2019-SSVEP;SSVEP_MDM;SSVEP;WithinSession;Riemannian
98;0.87;14.945479;100.0;0.10673281;50;session_1;62;2;Lee2019-SSVEP;SSVEP_MDM;SSVEP;WithinSession;Riemannian
99;0.73;15.356478;100.0;0.10966717;50;session_2;62;2;Lee2019-SSVEP;SSVEP_MDM;SSVEP;WithinSession;Riemannian
100;0.46;32.289726;100.0;0.23059809;51;session_1;62;2;Lee2019-SSVEP;SSVEP_MDM;SSVEP;WithinSession;Riemannian
101;0.7;17.71384;100.0;0.12650324;51;session_2;62;2;Lee2019-SSVEP;SSVEP_MDM;SSVEP;WithinSession;Riemannian
102;0.77;14.165827;100.0;0.101164475;52;session_1;62;2;Lee2019-SSVEP;SSVEP_MDM;SSVEP;WithinSession;Riemannian
103;0.48;14.316134;100.0;0.1022381;52;session_2;62;2;Lee2019-SSVEP;SSVEP_MDM;SSVEP;WithinSession;Riemannian
104;0.68;14.694357;100.0;0.10493932;53;session_1;62;2;Lee2019-SSVEP;SSVEP_MDM;SSVEP;WithinSession;Riemannian
105;0.83;15.490009;100.0;0.11062083;53;session_2;62;2;Lee2019-SSVEP;SSVEP_MDM;SSVEP;WithinSession;Riemannian
106;0.51;17.316946;100.0;0.123668544;54;session_1;62;2;Lee2019-SSVEP;SSVEP_MDM;SSVEP;WithinSession;Riemannian
107;0.72;15.036047;100.0;0.107377;54;session_2;62;2;Lee2019-SSVEP;SSVEP_MDM;SSVEP;WithinSession;Riemannian
108;0.92;15.324523;100.0;0.10943642;1;session_1;62;2;Lee2019-SSVEP;SSVEP_TS + LR;SSVEP;WithinSession;Riemannian
109;0.75;14.895096;100.0;0.106373005;1;session_2;62;2;Lee2019-SSVEP;SSVEP_TS + LR;SSVEP;WithinSession;Riemannian
110;0.96;14.906219;100.0;0.106452204;2;session_1;62;2;Lee2019-SSVEP;SSVEP_TS + LR;SSVEP;WithinSession;Riemannian
111;0.87;14.36463;100.0;0.10258434;2;session_2;62;2;Lee2019-SSVEP;SSVEP_TS + LR;SSVEP;WithinSession;Riemannian
112;0.83;15.727785;100.0;0.112319045;3;session_1;62;2;Lee2019-SSVEP;SSVEP_TS + LR;SSVEP;WithinSession;Riemannian
113;0.94;15.951579;100.0;0.11390843;3;session_2;62;2;Lee2019-SSVEP;SSVEP_TS + LR;SSVEP;WithinSession;Riemannian
114;1.0;16.713577;100.0;0.11935957;4;session_1;62;2;Lee2019-SSVEP;SSVEP_TS + LR;SSVEP;WithinSession;Riemannian
115;1.0;17.481625;100.0;0.12484475;4;session_2;62;2;Lee2019-SSVEP;SSVEP_TS + LR;SSVEP;WithinSession;Riemannian
116;0.5;22.961489;100.0;0.16397963;5;session_1;62;2;Lee2019-SSVEP;SSVEP_TS + LR;SSVEP;WithinSession;Riemannian
117;0.91;16.90862;100.0;0.12074337;5;session_2;62;2;Lee2019-SSVEP;SSVEP_TS + LR;SSVEP;WithinSession;Riemannian
118;0.99;14.863964;100.0;0.10615087;6;session_1;62;2;Lee2019-SSVEP;SSVEP_TS + LR;SSVEP;WithinSession;Riemannian
119;0.98;15.36312;100.0;0.10965949;6;session_2;62;2;Lee2019-SSVEP;SSVEP_TS + LR;SSVEP;WithinSession;Riemannian
120;1.0;15.23459;100.0;0.10878923;7;session_1;62;2;Lee2019-SSVEP;SSVEP_TS + LR;SSVEP;WithinSession;Riemannian
121;1.0;15.034979;100.0;0.1073716;7;session_2;62;2;Lee2019-SSVEP;SSVEP_TS + LR;SSVEP;WithinSession;Riemannian
122;0.79;14.900338;100.0;0.106410466;8;session_1;62;2;Lee2019-SSVEP;SSVEP_TS + LR;SSVEP;WithinSession;Riemannian
123;0.87;13.276147;100.0;0.09481067;8;session_2;62;2;Lee2019-SSVEP;SSVEP_TS + LR;SSVEP;WithinSession;Riemannian
124;0.88;16.082111;100.0;0.11484967;9;session_1;62;2;Lee2019-SSVEP;SSVEP_TS + LR;SSVEP;WithinSession;Riemannian
125;0.69;14.502613;100.0;0.10356991;9;session_2;62;2;Lee2019-SSVEP;SSVEP_TS + LR;SSVEP;WithinSession;Riemannian
126;0.78;14.339092;100.0;0.10240212;10;session_1;62;2;Lee2019-SSVEP;SSVEP_TS + LR;SSVEP;WithinSession;Riemannian
127;0.88;14.549116;100.0;0.10390223;10;session_2;62;2;Lee2019-SSVEP;SSVEP_TS + LR;SSVEP;WithinSession;Riemannian
128;0.98;16.988758;100.0;0.12132486;11;session_1;62;2;Lee2019-SSVEP;SSVEP_TS + LR;SSVEP;WithinSession;Riemannian
129;0.96;16.171839;100.0;0.11549059;11;session_2;62;2;Lee2019-SSVEP;SSVEP_TS + LR;SSVEP;WithinSession;Riemannian
130;1.0;15.46969;100.0;0.11047574;12;session_1;62;2;Lee2019-SSVEP;SSVEP_TS + LR;SSVEP;WithinSession;Riemannian
131;0.93;14.728141;100.0;0.10518003;12;session_2;62;2;Lee2019-SSVEP;SSVEP_TS + LR;SSVEP;WithinSession;Riemannian
132;0.88;14.568743;100.0;0.104042284;13;session_1;62;2;Lee2019-SSVEP;SSVEP_TS + LR;SSVEP;WithinSession;Riemannian
133;0.88;14.828141;100.0;0.10589476;13;session_2;62;2;Lee2019-SSVEP;SSVEP_TS + LR;SSVEP;WithinSession;Riemannian
134;0.87;15.94766;100.0;0.11388956;14;session_1;62;2;Lee2019-SSVEP;SSVEP_TS + LR;SSVEP;WithinSession;Riemannian
135;0.7;18.774778;100.0;0.13407958;14;session_2;62;2;Lee2019-SSVEP;SSVEP_TS + LR;SSVEP;WithinSession;Riemannian
136;0.99;15.330599;100.0;0.10947622;15;session_1;62;2;Lee2019-SSVEP;SSVEP_TS + LR;SSVEP;WithinSession;Riemannian
137;0.99;13.789977;100.0;0.098480366;15;session_2;62;2;Lee2019-SSVEP;SSVEP_TS + LR;SSVEP;WithinSession;Riemannian
138;0.97;14.63469;100.0;0.10451318;16;session_1;62;2;Lee2019-SSVEP;SSVEP_TS + LR;SSVEP;WithinSession;Riemannian
139;0.99;16.501066;100.0;0.11784181;16;session_2;62;2;Lee2019-SSVEP;SSVEP_TS + LR;SSVEP;WithinSession;Riemannian
140;0.92;14.847608;100.0;0.10603358;17;session_1;62;2;Lee2019-SSVEP;SSVEP_TS + LR;SSVEP;WithinSession;Riemannian
141;0.91;15.151542;100.0;0.108203165;17;session_2;62;2;Lee2019-SSVEP;SSVEP_TS + LR;SSVEP;WithinSession;Riemannian
142;0.98;16.150976;100.0;0.115341395;18;session_1;62;2;Lee2019-SSVEP;SSVEP_TS + LR;SSVEP;WithinSession;Riemannian
143;1.0;16.81176;100.0;0.12006063;18;session_2;62;2;Lee2019-SSVEP;SSVEP_TS + LR;SSVEP;WithinSession;Riemannian
144;0.9;14.979678;100.0;0.106977105;19;session_1;62;2;Lee2019-SSVEP;SSVEP_TS + LR;SSVEP;WithinSession;Riemannian
145;0.92;15.033826;100.0;0.10736314;19;session_2;62;2;Lee2019-SSVEP;SSVEP_TS + LR;SSVEP;WithinSession;Riemannian
146;0.88;22.801556;100.0;0.16283731;20;session_1;62;2;Lee2019-SSVEP;SSVEP_TS + LR;SSVEP;WithinSession;Riemannian
147;0.83;13.999674;100.0;0.09997794;20;session_2;62;2;Lee2019-SSVEP;SSVEP_TS + LR;SSVEP;WithinSession;Riemannian
148;0.94;15.724057;100.0;0.112282105;21;session_1;62;2;Lee2019-SSVEP;SSVEP_TS + LR;SSVEP;WithinSession;Riemannian
149;1.0;16.687073;100.0;0.11917019;21;session_2;62;2;Lee2019-SSVEP;SSVEP_TS + LR;SSVEP;WithinSession;Riemannian
150;0.87;14.338206;100.0;0.10239587;22;session_1;62;2;Lee2019-SSVEP;SSVEP_TS + LR;SSVEP;WithinSession;Riemannian
151;0.8;14.984318;100.0;0.10700878;22;session_2;62;2;Lee2019-SSVEP;SSVEP_TS + LR;SSVEP;WithinSession;Riemannian
152;0.43;14.7849865;100.0;0.1055863;23;session_1;62;2;Lee2019-SSVEP;SSVEP_TS + LR;SSVEP;WithinSession;Riemannian
153;0.47;14.337606;100.0;0.10239135;23;session_2;62;2;Lee2019-SSVEP;SSVEP_TS + LR;SSVEP;WithinSession;Riemannian
154;0.89;14.657421;100.0;0.104675494;24;session_1;62;2;Lee2019-SSVEP;SSVEP_TS + LR;SSVEP;WithinSession;Riemannian
155;0.89;13.87698;100.0;0.09910177;24;session_2;62;2;Lee2019-SSVEP;SSVEP_TS + LR;SSVEP;WithinSession;Riemannian
156;0.98;15.5152;100.0;0.1107985;25;session_1;62;2;Lee2019-SSVEP;SSVEP_TS + LR;SSVEP;WithinSession;Riemannian
157;0.93;14.748561;100.0;0.10532654;25;session_2;62;2;Lee2019-SSVEP;SSVEP_TS + LR;SSVEP;WithinSession;Riemannian
158;0.94;14.03467;100.0;0.100227796;26;session_1;62;2;Lee2019-SSVEP;SSVEP_TS + LR;SSVEP;WithinSession;Riemannian
159;0.98;14.760958;100.0;0.10541486;26;session_2;62;2;Lee2019-SSVEP;SSVEP_TS + LR;SSVEP;WithinSession;Riemannian
160;0.98;15.307035;100.0;0.10930634;27;session_1;62;2;Lee2019-SSVEP;SSVEP_TS + LR;SSVEP;WithinSession;Riemannian
161;0.99;15.278683;100.0;0.109094426;27;session_2;62;2;Lee2019-SSVEP;SSVEP_TS + LR;SSVEP;WithinSession;Riemannian
162;0.99;13.886915;100.0;0.09917274;28;session_1;62;2;Lee2019-SSVEP;SSVEP_TS + LR;SSVEP;WithinSession;Riemannian
163;0.96;13.787685;100.0;0.09846405;28;session_2;62;2;Lee2019-SSVEP;SSVEP_TS + LR;SSVEP;WithinSession;Riemannian
164;0.82;15.109771;100.0;0.10789574;29;session_1;62;2;Lee2019-SSVEP;SSVEP_TS + LR;SSVEP;WithinSession;Riemannian
165;0.66;14.85536;100.0;0.1060892;29;session_2;62;2;Lee2019-SSVEP;SSVEP_TS + LR;SSVEP;WithinSession;Riemannian
166;0.99;15.532464;100.0;0.11091664;30;session_1;62;2;Lee2019-SSVEP;SSVEP_TS + LR;SSVEP;WithinSession;Riemannian
167;0.98;21.20425;100.0;0.15142274;30;session_2;62;2;Lee2019-SSVEP;SSVEP_TS + LR;SSVEP;WithinSession;Riemannian
168;1.0;17.765926;100.0;0.12687533;31;session_1;62;2;Lee2019-SSVEP;SSVEP_TS + LR;SSVEP;WithinSession;Riemannian
169;1.0;17.451416;100.0;0.12462904;31;session_2;62;2;Lee2019-SSVEP;SSVEP_TS + LR;SSVEP;WithinSession;Riemannian
170;0.98;15.190974;100.0;0.108464465;32;session_1;62;2;Lee2019-SSVEP;SSVEP_TS + LR;SSVEP;WithinSession;Riemannian
171;0.86;15.9423485;100.0;0.1138481;32;session_2;62;2;Lee2019-SSVEP;SSVEP_TS + LR;SSVEP;WithinSession;Riemannian
172;0.98;14.0796795;100.0;0.10054703;33;session_1;62;2;Lee2019-SSVEP;SSVEP_TS + LR;SSVEP;WithinSession;Riemannian
173;0.95;14.029053;100.0;0.10018748;33;session_2;62;2;Lee2019-SSVEP;SSVEP_TS + LR;SSVEP;WithinSession;Riemannian
174;0.53;14.842441;100.0;0.10599672;34;session_1;62;2;Lee2019-SSVEP;SSVEP_TS + LR;SSVEP;WithinSession;Riemannian
175;0.78;14.949381;100.0;0.10675504;34;session_2;62;2;Lee2019-SSVEP;SSVEP_TS + LR;SSVEP;WithinSession;Riemannian
176;0.95;14.457708;100.0;0.10324932;35;session_1;62;2;Lee2019-SSVEP;SSVEP_TS + LR;SSVEP;WithinSession;Riemannian
177;0.86;14.631347;100.0;0.10448953;35;session_2;62;2;Lee2019-SSVEP;SSVEP_TS + LR;SSVEP;WithinSession;Riemannian
178;1.0;17.629396;100.0;0.12589778;36;session_1;62;2;Lee2019-SSVEP;SSVEP_TS + LR;SSVEP;WithinSession;Riemannian
179;1.0;18.017319;100.0;0.12866992;36;session_2;62;2;Lee2019-SSVEP;SSVEP_TS + LR;SSVEP;WithinSession;Riemannian
180;0.96;15.530581;100.0;0.110909946;37;session_1;62;2;Lee2019-SSVEP;SSVEP_TS + LR;SSVEP;WithinSession;Riemannian
181;0.98;15.621837;100.0;0.111561;37;session_2;62;2;Lee2019-SSVEP;SSVEP_TS + LR;SSVEP;WithinSession;Riemannian
182;0.99;15.487504;100.0;0.11060022;38;session_1;62;2;Lee2019-SSVEP;SSVEP_TS + LR;SSVEP;WithinSession;Riemannian
183;0.95;14.89249;100.0;0.10635439;38;session_2;62;2;Lee2019-SSVEP;SSVEP_TS + LR;SSVEP;WithinSession;Riemannian
184;0.97;14.79101;100.0;0.10562933;39;session_1;62;2;Lee2019-SSVEP;SSVEP_TS + LR;SSVEP;WithinSession;Riemannian
185;0.97;14.808668;100.0;0.105755694;39;session_2;62;2;Lee2019-SSVEP;SSVEP_TS + LR;SSVEP;WithinSession;Riemannian
186;0.68;14.637916;100.0;0.10453634;40;session_1;62;2;Lee2019-SSVEP;SSVEP_TS + LR;SSVEP;WithinSession;Riemannian
187;0.91;15.524777;100.0;0.11086324;40;session_2;62;2;Lee2019-SSVEP;SSVEP_TS + LR;SSVEP;WithinSession;Riemannian
188;0.96;15.284312;100.0;0.109151766;41;session_1;62;2;Lee2019-SSVEP;SSVEP_TS + LR;SSVEP;WithinSession;Riemannian
189;0.98;15.868272;100.0;0.11332224;41;session_2;62;2;Lee2019-SSVEP;SSVEP_TS + LR;SSVEP;WithinSession;Riemannian
190;1.0;15.226555;100.0;0.1087222;42;session_1;62;2;Lee2019-SSVEP;SSVEP_TS + LR;SSVEP;WithinSession;Riemannian
191;0.41;16.261452;100.0;0.116118304;42;session_2;62;2;Lee2019-SSVEP;SSVEP_TS + LR;SSVEP;WithinSession;Riemannian
192;0.98;16.268145;100.0;0.11617603;43;session_1;62;2;Lee2019-SSVEP;SSVEP_TS + LR;SSVEP;WithinSession;Riemannian
193;1.0;17.77182;100.0;0.12691697;43;session_2;62;2;Lee2019-SSVEP;SSVEP_TS + LR;SSVEP;WithinSession;Riemannian
194;1.0;15.908895;100.0;0.11361256;44;session_1;62;2;Lee2019-SSVEP;SSVEP_TS + LR;SSVEP;WithinSession;Riemannian
195;0.99;14.589728;100.0;0.10419204;44;session_2;62;2;Lee2019-SSVEP;SSVEP_TS + LR;SSVEP;WithinSession;Riemannian
196;0.85;15.129674;100.0;0.10804657;45;session_1;62;2;Lee2019-SSVEP;SSVEP_TS + LR;SSVEP;WithinSession;Riemannian
197;0.99;14.937788;100.0;0.10667723;45;session_2;62;2;Lee2019-SSVEP;SSVEP_TS + LR;SSVEP;WithinSession;Riemannian
198;0.96;15.496684;100.0;0.11066856;46;session_1;62;2;Lee2019-SSVEP;SSVEP_TS + LR;SSVEP;WithinSession;Riemannian
199;0.95;15.566354;100.0;0.111160345;46;session_2;62;2;Lee2019-SSVEP;SSVEP_TS + LR;SSVEP;WithinSession;Riemannian
200;0.31;13.246424;100.0;0.09459837;47;session_1;62;2;Lee2019-SSVEP;SSVEP_TS + LR;SSVEP;WithinSession;Riemannian
201;0.94;14.210326;100.0;0.10148248;47;session_2;62;2;Lee2019-SSVEP;SSVEP_TS + LR;SSVEP;WithinSession;Riemannian
202;1.0;15.095483;100.0;0.10780345;48;session_1;62;2;Lee2019-SSVEP;SSVEP_TS + LR;SSVEP;WithinSession;Riemannian
203;0.99;15.105886;100.0;0.10787363;48;session_2;62;2;Lee2019-SSVEP;SSVEP_TS + LR;SSVEP;WithinSession;Riemannian
204;1.0;15.451709;100.0;0.110335484;49;session_1;62;2;Lee2019-SSVEP;SSVEP_TS + LR;SSVEP;WithinSession;Riemannian
205;0.96;15.209209;100.0;0.108615495;49;session_2;62;2;Lee2019-SSVEP;SSVEP_TS + LR;SSVEP;WithinSession;Riemannian
206;0.94;14.8005295;100.0;0.10569765;50;session_1;62;2;Lee2019-SSVEP;SSVEP_TS + LR;SSVEP;WithinSession;Riemannian
207;0.83;14.619893;100.0;0.10440737;50;session_2;62;2;Lee2019-SSVEP;SSVEP_TS + LR;SSVEP;WithinSession;Riemannian
208;0.77;30.589806;100.0;0.21845768;51;session_1;62;2;Lee2019-SSVEP;SSVEP_TS + LR;SSVEP;WithinSession;Riemannian
209;0.78;16.376904;100.0;0.11695514;51;session_2;62;2;Lee2019-SSVEP;SSVEP_TS + LR;SSVEP;WithinSession;Riemannian
210;0.9;13.89886;100.0;0.09925809;52;session_1;62;2;Lee2019-SSVEP;SSVEP_TS + LR;SSVEP;WithinSession;Riemannian
211;0.69;14.512353;100.0;0.10363948;52;session_2;62;2;Lee2019-SSVEP;SSVEP_TS + LR;SSVEP;WithinSession;Riemannian
212;0.96;14.843933;100.0;0.106004134;53;session_1;62;2;Lee2019-SSVEP;SSVEP_TS + LR;SSVEP;WithinSession;Riemannian
213;0.99;14.476986;100.0;0.10338687;53;session_2;62;2;Lee2019-SSVEP;SSVEP_TS + LR;SSVEP;WithinSession;Riemannian
214;0.81;17.290562;100.0;0.123480156;54;session_1;62;2;Lee2019-SSVEP;SSVEP_TS + LR;SSVEP;WithinSession;Riemannian
215;0.85;14.207091;100.0;0.10145935;54;session_2;62;2;Lee2019-SSVEP;SSVEP_TS + LR;SSVEP;WithinSession;Riemannian
216;0.91;14.285313;100.0;0.102015756;1;session_1;62;2;Lee2019-SSVEP;SSVEP_TS + SVM;SSVEP;WithinSession;Riemannian
217;0.75;14.241672;100.0;0.101706184;1;session_2;62;2;Lee2019-SSVEP;SSVEP_TS + SVM;SSVEP;WithinSession;Riemannian
218;0.96;13.697907;100.0;0.097822726;2;session_1;62;2;Lee2019-SSVEP;SSVEP_TS + SVM;SSVEP;WithinSession;Riemannian
219;0.84;13.366463;100.0;0.0954537;2;session_2;62;2;Lee2019-SSVEP;SSVEP_TS + SVM;SSVEP;WithinSession;Riemannian
220;0.8;14.641258;100.0;0.10455992;3;session_1;62;2;Lee2019-SSVEP;SSVEP_TS + SVM;SSVEP;WithinSession;Riemannian
221;0.94;14.562316;100.0;0.103994474;3;session_2;62;2;Lee2019-SSVEP;SSVEP_TS + SVM;SSVEP;WithinSession;Riemannian
222;1.0;15.881251;100.0;0.113415085;4;session_1;62;2;Lee2019-SSVEP;SSVEP_TS + SVM;SSVEP;WithinSession;Riemannian
223;1.0;16.577778;100.0;0.11838768;4;session_2;62;2;Lee2019-SSVEP;SSVEP_TS + SVM;SSVEP;WithinSession;Riemannian
224;0.51;21.67949;100.0;0.15482154;5;session_1;62;2;Lee2019-SSVEP;SSVEP_TS + SVM;SSVEP;WithinSession;Riemannian
225;0.91;15.516299;100.0;0.110808544;5;session_2;62;2;Lee2019-SSVEP;SSVEP_TS + SVM;SSVEP;WithinSession;Riemannian
226;0.99;14.093497;100.0;0.10064599;6;session_1;62;2;Lee2019-SSVEP;SSVEP_TS + SVM;SSVEP;WithinSession;Riemannian
227;0.98;14.450101;100.0;0.10319286;6;session_2;62;2;Lee2019-SSVEP;SSVEP_TS + SVM;SSVEP;WithinSession;Riemannian
228;1.0;14.420585;100.0;0.10298398;7;session_1;62;2;Lee2019-SSVEP;SSVEP_TS + SVM;SSVEP;WithinSession;Riemannian
229;1.0;14.316508;100.0;0.102240756;7;session_2;62;2;Lee2019-SSVEP;SSVEP_TS + SVM;SSVEP;WithinSession;Riemannian
230;0.76;13.82073;100.0;0.09869809;8;session_1;62;2;Lee2019-SSVEP;SSVEP_TS + SVM;SSVEP;WithinSession;Riemannian
231;0.85;12.411517;100.0;0.08863355;8;session_2;62;2;Lee2019-SSVEP;SSVEP_TS + SVM;SSVEP;WithinSession;Riemannian
232;0.89;14.792482;100.0;0.10563821;9;session_1;62;2;Lee2019-SSVEP;SSVEP_TS + SVM;SSVEP;WithinSession;Riemannian
233;0.69;13.780549;100.0;0.09841287;9;session_2;62;2;Lee2019-SSVEP;SSVEP_TS + SVM;SSVEP;WithinSession;Riemannian
234;0.76;13.219577;100.0;0.09440663;10;session_1;62;2;Lee2019-SSVEP;SSVEP_TS + SVM;SSVEP;WithinSession;Riemannian
235;0.86;13.6472435;100.0;0.09746088;10;session_2;62;2;Lee2019-SSVEP;SSVEP_TS + SVM;SSVEP;WithinSession;Riemannian
236;0.97;15.814497;100.0;0.112938344;11;session_1;62;2;Lee2019-SSVEP;SSVEP_TS + SVM;SSVEP;WithinSession;Riemannian
237;0.98;15.203709;100.0;0.10857436;11;session_2;62;2;Lee2019-SSVEP;SSVEP_TS + SVM;SSVEP;WithinSession;Riemannian
238;1.0;14.419712;100.0;0.10297783;12;session_1;62;2;Lee2019-SSVEP;SSVEP_TS + SVM;SSVEP;WithinSession;Riemannian
239;0.92;13.883174;100.0;0.09914397;12;session_2;62;2;Lee2019-SSVEP;SSVEP_TS + SVM;SSVEP;WithinSession;Riemannian
240;0.86;15.089762;100.0;0.10776242;13;session_1;62;2;Lee2019-SSVEP;SSVEP_TS + SVM;SSVEP;WithinSession;Riemannian
241;0.83;13.80897;100.0;0.09861591;13;session_2;62;2;Lee2019-SSVEP;SSVEP_TS + SVM;SSVEP;WithinSession;Riemannian
242;0.86;14.962843;100.0;0.10685665;14;session_1;62;2;Lee2019-SSVEP;SSVEP_TS + SVM;SSVEP;WithinSession;Riemannian
243;0.66;16.563528;100.0;0.11828784;14;session_2;62;2;Lee2019-SSVEP;SSVEP_TS + SVM;SSVEP;WithinSession;Riemannian
244;0.99;14.478999;100.0;0.10340108;15;session_1;62;2;Lee2019-SSVEP;SSVEP_TS + SVM;SSVEP;WithinSession;Riemannian
245;0.98;13.069619;100.0;0.0933356;15;session_2;62;2;Lee2019-SSVEP;SSVEP_TS + SVM;SSVEP;WithinSession;Riemannian
246;0.98;13.700358;100.0;0.09783831;16;session_1;62;2;Lee2019-SSVEP;SSVEP_TS + SVM;SSVEP;WithinSession;Riemannian
247;0.98;15.269112;100.0;0.10904151;16;session_2;62;2;Lee2019-SSVEP;SSVEP_TS + SVM;SSVEP;WithinSession;Riemannian
248;0.92;13.825116;100.0;0.098729335;17;session_1;62;2;Lee2019-SSVEP;SSVEP_TS + SVM;SSVEP;WithinSession;Riemannian
249;0.9;13.872165;100.0;0.099067226;17;session_2;62;2;Lee2019-SSVEP;SSVEP_TS + SVM;SSVEP;WithinSession;Riemannian
250;0.98;15.108818;100.0;0.107898414;18;session_1;62;2;Lee2019-SSVEP;SSVEP_TS + SVM;SSVEP;WithinSession;Riemannian
251;1.0;15.917435;100.0;0.113672465;18;session_2;62;2;Lee2019-SSVEP;SSVEP_TS + SVM;SSVEP;WithinSession;Riemannian
252;0.88;13.826806;100.0;0.09874334;19;session_1;62;2;Lee2019-SSVEP;SSVEP_TS + SVM;SSVEP;WithinSession;Riemannian
253;0.92;13.7889385;100.0;0.09847273;19;session_2;62;2;Lee2019-SSVEP;SSVEP_TS + SVM;SSVEP;WithinSession;Riemannian
254;0.85;21.609653;100.0;0.15432484;20;session_1;62;2;Lee2019-SSVEP;SSVEP_TS + SVM;SSVEP;WithinSession;Riemannian
255;0.79;13.067972;100.0;0.09332387;20;session_2;62;2;Lee2019-SSVEP;SSVEP_TS + SVM;SSVEP;WithinSession;Riemannian
256;0.93;14.447392;100.0;0.10317552;21;session_1;62;2;Lee2019-SSVEP;SSVEP_TS + SVM;SSVEP;WithinSession;Riemannian
257;1.0;15.544517;100.0;0.111008324;21;session_2;62;2;Lee2019-SSVEP;SSVEP_TS + SVM;SSVEP;WithinSession;Riemannian
258;0.87;13.567337;100.0;0.09688836;22;session_1;62;2;Lee2019-SSVEP;SSVEP_TS + SVM;SSVEP;WithinSession;Riemannian
259;0.76;14.134152;100.0;0.10093705;22;session_2;62;2;Lee2019-SSVEP;SSVEP_TS + SVM;SSVEP;WithinSession;Riemannian
260;0.43;13.709929;100.0;0.097908616;23;session_1;62;2;Lee2019-SSVEP;SSVEP_TS + SVM;SSVEP;WithinSession;Riemannian
261;0.45;14.480091;100.0;0.103407115;23;session_2;62;2;Lee2019-SSVEP;SSVEP_TS + SVM;SSVEP;WithinSession;Riemannian
262;0.9;13.787047;100.0;0.09845757;24;session_1;62;2;Lee2019-SSVEP;SSVEP_TS + SVM;SSVEP;WithinSession;Riemannian
263;0.89;13.379258;100.0;0.09554712;24;session_2;62;2;Lee2019-SSVEP;SSVEP_TS + SVM;SSVEP;WithinSession;Riemannian
264;0.98;14.525583;100.0;0.10373349;25;session_1;62;2;Lee2019-SSVEP;SSVEP_TS + SVM;SSVEP;WithinSession;Riemannian
265;0.92;13.781323;100.0;0.09841645;25;session_2;62;2;Lee2019-SSVEP;SSVEP_TS + SVM;SSVEP;WithinSession;Riemannian
266;0.94;12.989609;100.0;0.09276414;26;session_1;62;2;Lee2019-SSVEP;SSVEP_TS + SVM;SSVEP;WithinSession;Riemannian
267;0.98;13.7953005;100.0;0.09851839;26;session_2;62;2;Lee2019-SSVEP;SSVEP_TS + SVM;SSVEP;WithinSession;Riemannian
268;0.95;14.455565;100.0;0.103233814;27;session_1;62;2;Lee2019-SSVEP;SSVEP_TS + SVM;SSVEP;WithinSession;Riemannian
269;0.99;14.396488;100.0;0.102811955;27;session_2;62;2;Lee2019-SSVEP;SSVEP_TS + SVM;SSVEP;WithinSession;Riemannian
270;0.97;13.4529085;100.0;0.096071474;28;session_1;62;2;Lee2019-SSVEP;SSVEP_TS + SVM;SSVEP;WithinSession;Riemannian
271;0.95;13.101941;100.0;0.093566306;28;session_2;62;2;Lee2019-SSVEP;SSVEP_TS + SVM;SSVEP;WithinSession;Riemannian
272;0.84;14.00768;100.0;0.100035176;29;session_1;62;2;Lee2019-SSVEP;SSVEP_TS + SVM;SSVEP;WithinSession;Riemannian
273;0.64;13.709852;100.0;0.0979081;29;session_2;62;2;Lee2019-SSVEP;SSVEP_TS + SVM;SSVEP;WithinSession;Riemannian
274;0.99;14.428568;100.0;0.10304082;30;session_1;62;2;Lee2019-SSVEP;SSVEP_TS + SVM;SSVEP;WithinSession;Riemannian
275;0.99;19.55573;100.0;0.13965683;30;session_2;62;2;Lee2019-SSVEP;SSVEP_TS + SVM;SSVEP;WithinSession;Riemannian
276;1.0;15.902077;100.0;0.11356202;31;session_1;62;2;Lee2019-SSVEP;SSVEP_TS + SVM;SSVEP;WithinSession;Riemannian
277;1.0;16.563997;100.0;0.11829106;31;session_2;62;2;Lee2019-SSVEP;SSVEP_TS + SVM;SSVEP;WithinSession;Riemannian
278;0.98;14.439255;100.0;0.10311718;32;session_1;62;2;Lee2019-SSVEP;SSVEP_TS + SVM;SSVEP;WithinSession;Riemannian
279;0.86;15.163314;100.0;0.108287685;32;session_2;62;2;Lee2019-SSVEP;SSVEP_TS + SVM;SSVEP;WithinSession;Riemannian
280;0.98;13.070486;100.0;0.09334178;33;session_1;62;2;Lee2019-SSVEP;SSVEP_TS + SVM;SSVEP;WithinSession;Riemannian
281;0.93;13.072043;100.0;0.09335304;33;session_2;62;2;Lee2019-SSVEP;SSVEP_TS + SVM;SSVEP;WithinSession;Riemannian
282;0.48;13.732795;100.0;0.09805999;34;session_1;62;2;Lee2019-SSVEP;SSVEP_TS + SVM;SSVEP;WithinSession;Riemannian
283;0.8;13.779865;100.0;0.098406225;34;session_2;62;2;Lee2019-SSVEP;SSVEP_TS + SVM;SSVEP;WithinSession;Riemannian
284;0.95;13.496462;100.0;0.09638414;35;session_1;62;2;Lee2019-SSVEP;SSVEP_TS + SVM;SSVEP;WithinSession;Riemannian
285;0.84;13.925508;100.0;0.09944821;35;session_2;62;2;Lee2019-SSVEP;SSVEP_TS + SVM;SSVEP;WithinSession;Riemannian
286;1.0;16.708317;100.0;0.119321875;36;session_1;62;2;Lee2019-SSVEP;SSVEP_TS + SVM;SSVEP;WithinSession;Riemannian
287;1.0;17.15957;100.0;0.12254479;36;session_2;62;2;Lee2019-SSVEP;SSVEP_TS + SVM;SSVEP;WithinSession;Riemannian
288;0.96;14.418402;100.0;0.10296849;37;session_1;62;2;Lee2019-SSVEP;SSVEP_TS + SVM;SSVEP;WithinSession;Riemannian
289;0.97;14.792747;100.0;0.105639905;37;session_2;62;2;Lee2019-SSVEP;SSVEP_TS + SVM;SSVEP;WithinSession;Riemannian
290;0.99;14.436662;100.0;0.1030967;38;session_1;62;2;Lee2019-SSVEP;SSVEP_TS + SVM;SSVEP;WithinSession;Riemannian
291;0.95;13.985487;100.0;0.09987665;38;session_2;62;2;Lee2019-SSVEP;SSVEP_TS + SVM;SSVEP;WithinSession;Riemannian
292;0.97;13.600894;100.0;0.09712997;39;session_1;62;2;Lee2019-SSVEP;SSVEP_TS + SVM;SSVEP;WithinSession;Riemannian
293;0.97;14.053734;100.0;0.100363895;39;session_2;62;2;Lee2019-SSVEP;SSVEP_TS + SVM;SSVEP;WithinSession;Riemannian
294;0.66;13.692311;100.0;0.09778269;40;session_1;62;2;Lee2019-SSVEP;SSVEP_TS + SVM;SSVEP;WithinSession;Riemannian
295;0.89;14.406044;100.0;0.102880135;40;session_2;62;2;Lee2019-SSVEP;SSVEP_TS + SVM;SSVEP;WithinSession;Riemannian
296;0.95;14.402834;100.0;0.10285534;41;session_1;62;2;Lee2019-SSVEP;SSVEP_TS + SVM;SSVEP;WithinSession;Riemannian
297;0.98;15.17255;100.0;0.10835158;41;session_2;62;2;Lee2019-SSVEP;SSVEP_TS + SVM;SSVEP;WithinSession;Riemannian
298;1.0;14.240128;100.0;0.10169506;42;session_1;62;2;Lee2019-SSVEP;SSVEP_TS + SVM;SSVEP;WithinSession;Riemannian
299;0.39;15.420241;100.0;0.11012253;42;session_2;62;2;Lee2019-SSVEP;SSVEP_TS + SVM;SSVEP;WithinSession;Riemannian
300;0.98;15.286759;100.0;0.10916933;43;session_1;62;2;Lee2019-SSVEP;SSVEP_TS + SVM;SSVEP;WithinSession;Riemannian
301;1.0;16.725542;100.0;0.119444974;43;session_2;62;2;Lee2019-SSVEP;SSVEP_TS + SVM;SSVEP;WithinSession;Riemannian
302;1.0;15.056887;100.0;0.10752756;44;session_1;62;2;Lee2019-SSVEP;SSVEP_TS + SVM;SSVEP;WithinSession;Riemannian
303;0.99;13.7471485;100.0;0.09817452;44;session_2;62;2;Lee2019-SSVEP;SSVEP_TS + SVM;SSVEP;WithinSession;Riemannian
304;0.83;15.10201;100.0;0.10784794;45;session_1;62;2;Lee2019-SSVEP;SSVEP_TS + SVM;SSVEP;WithinSession;Riemannian
305;0.98;14.241719;100.0;0.10170632;45;session_2;62;2;Lee2019-SSVEP;SSVEP_TS + SVM;SSVEP;WithinSession;Riemannian
306;0.93;14.538296;100.0;0.103822835;46;session_1;62;2;Lee2019-SSVEP;SSVEP_TS + SVM;SSVEP;WithinSession;Riemannian
307;0.95;14.510021;100.0;0.10362279;46;session_2;62;2;Lee2019-SSVEP;SSVEP_TS + SVM;SSVEP;WithinSession;Riemannian
308;0.27;12.370995;100.0;0.088343956;47;session_1;62;2;Lee2019-SSVEP;SSVEP_TS + SVM;SSVEP;WithinSession;Riemannian
309;0.94;13.022486;100.0;0.092996866;47;session_2;62;2;Lee2019-SSVEP;SSVEP_TS + SVM;SSVEP;WithinSession;Riemannian
310;0.99;14.151824;100.0;0.101064615;48;session_1;62;2;Lee2019-SSVEP;SSVEP_TS + SVM;SSVEP;WithinSession;Riemannian
311;0.98;14.421957;100.0;0.102993876;48;session_2;62;2;Lee2019-SSVEP;SSVEP_TS + SVM;SSVEP;WithinSession;Riemannian
312;1.0;14.734717;100.0;0.105225675;49;session_1;62;2;Lee2019-SSVEP;SSVEP_TS + SVM;SSVEP;WithinSession;Riemannian
313;0.96;13.791614;100.0;0.09849194;49;session_2;62;2;Lee2019-SSVEP;SSVEP_TS + SVM;SSVEP;WithinSession;Riemannian
314;0.94;13.631332;100.0;0.097347185;50;session_1;62;2;Lee2019-SSVEP;SSVEP_TS + SVM;SSVEP;WithinSession;Riemannian
315;0.8;13.807179;100.0;0.098601185;50;session_2;62;2;Lee2019-SSVEP;SSVEP_TS + SVM;SSVEP;WithinSession;Riemannian
316;0.74;30.240843;100.0;0.21596023;51;session_1;62;2;Lee2019-SSVEP;SSVEP_TS + SVM;SSVEP;WithinSession;Riemannian
317;0.77;15.007237;100.0;0.10717307;51;session_2;62;2;Lee2019-SSVEP;SSVEP_TS + SVM;SSVEP;WithinSession;Riemannian
318;0.9;13.054775;100.0;0.09322774;52;session_1;62;2;Lee2019-SSVEP;SSVEP_TS + SVM;SSVEP;WithinSession;Riemannian
319;0.67;13.68318;100.0;0.09771732;52;session_2;62;2;Lee2019-SSVEP;SSVEP_TS + SVM;SSVEP;WithinSession;Riemannian
320;0.94;13.69804;100.0;0.09782364;53;session_1;62;2;Lee2019-SSVEP;SSVEP_TS + SVM;SSVEP;WithinSession;Riemannian
321;0.99;13.706139;100.0;0.09788164;53;session_2;62;2;Lee2019-SSVEP;SSVEP_TS + SVM;SSVEP;WithinSession;Riemannian
322;0.79;15.906276;100.0;0.113593705;54;session_1;62;2;Lee2019-SSVEP;SSVEP_TS + SVM;SSVEP;WithinSession;Riemannian
323;0.81;13.18095;100.0;0.09412875;54;session_2;62;2;Lee2019-SSVEP;SSVEP_TS + SVM;SSVEP;WithinSession;Riemannian
678;0.41868132;536.09955;69.0;9.972478;1;session_0;256;1;MAMEM1;SSVEP_MDM;SSVEP;WithinSession;Riemannian
679;0.12173913;1225.8207;115.0;22.713537;2;session_0;256;1;MAMEM1;SSVEP_MDM;SSVEP;WithinSession;Riemannian
680;0.12967034;494.90164;69.0;9.208346;3;session_0;256;1;MAMEM1;SSVEP_MDM;SSVEP;WithinSession;Riemannian
681;0.2614035;1125.0348;92.0;20.860435;4;session_0;256;1;MAMEM1;SSVEP_MDM;SSVEP;WithinSession;Riemannian
682;0.15652174;1398.2112;115.0;25.8538;5;session_0;256;1;MAMEM1;SSVEP_MDM;SSVEP;WithinSession;Riemannian
683;0.29415205;587.84344;92.0;12.345848;6;session_0;256;1;MAMEM1;SSVEP_MDM;SSVEP;WithinSession;Riemannian
684;0.26086956;791.43604;115.0;16.588472;7;session_0;256;1;MAMEM1;SSVEP_MDM;SSVEP;WithinSession;Riemannian
685;0.21868132;550.73267;69.0;11.607983;8;session_0;256;1;MAMEM1;SSVEP_MDM;SSVEP;WithinSession;Riemannian
686;0.46086955;773.2882;115.0;16.177343;9;session_0;256;1;MAMEM1;SSVEP_MDM;SSVEP;WithinSession;Riemannian
687;0.40869564;766.05316;115.0;15.993105;10;session_0;256;1;MAMEM1;SSVEP_MDM;SSVEP;WithinSession;Riemannian
688;0.78351647;481.09158;69.0;8.68637;1;session_0;256;1;MAMEM1;SSVEP_TS + LR;SSVEP;WithinSession;Riemannian
689;0.4347826;1003.9624;115.0;18.11547;2;session_0;256;1;MAMEM1;SSVEP_TS + LR;SSVEP;WithinSession;Riemannian
690;0.2043956;446.13007;69.0;7.9928966;3;session_0;256;1;MAMEM1;SSVEP_TS + LR;SSVEP;WithinSession;Riemannian
691;0.7497076;823.7313;92.0;14.83634;4;session_0;256;1;MAMEM1;SSVEP_TS + LR;SSVEP;WithinSession;Riemannian
692;0.26956522;1098.5112;115.0;22.549883;5;session_0;256;1;MAMEM1;SSVEP_TS + LR;SSVEP;WithinSession;Riemannian
693;0.51111114;532.5406;92.0;10.84792;6;session_0;256;1;MAMEM1;SSVEP_TS + LR;SSVEP;WithinSession;Riemannian
694;0.39130434;706.1026;115.0;14.294733;7;session_0;256;1;MAMEM1;SSVEP_TS + LR;SSVEP;WithinSession;Riemannian
695;0.30439562;491.20435;69.0;10.015044;8;session_0;256;1;MAMEM1;SSVEP_TS + LR;SSVEP;WithinSession;Riemannian
696;0.90434784;716.62683;115.0;14.588624;9;session_0;256;1;MAMEM1;SSVEP_TS + LR;SSVEP;WithinSession;Riemannian
697;0.8173913;687.92584;115.0;14.044655;10;session_0;256;1;MAMEM1;SSVEP_TS + LR;SSVEP;WithinSession;Riemannian
698;0.7692308;450.9551;69.0;8.243983;1;session_0;256;1;MAMEM1;SSVEP_TS + SVM;SSVEP;WithinSession;Riemannian
699;0.38260868;933.4205;115.0;17.063126;2;session_0;256;1;MAMEM1;SSVEP_TS + SVM;SSVEP;WithinSession;Riemannian
700;0.17472528;404.68195;69.0;7.394688;3;session_0;256;1;MAMEM1;SSVEP_TS + SVM;SSVEP;WithinSession;Riemannian
701;0.6953216;758.33276;92.0;13.856663;4;session_0;256;1;MAMEM1;SSVEP_TS + SVM;SSVEP;WithinSession;Riemannian
702;0.2521739;1072.6593;115.0;22.116291;5;session_0;256;1;MAMEM1;SSVEP_TS + SVM;SSVEP;WithinSession;Riemannian
703;0.47953215;502.48373;92.0;10.381458;6;session_0;256;1;MAMEM1;SSVEP_TS + SVM;SSVEP;WithinSession;Riemannian
704;0.37391305;647.1668;115.0;13.345403;7;session_0;256;1;MAMEM1;SSVEP_TS + SVM;SSVEP;WithinSession;Riemannian
705;0.30439562;462.83328;69.0;9.572948;8;session_0;256;1;MAMEM1;SSVEP_TS + SVM;SSVEP;WithinSession;Riemannian
706;0.8521739;678.2342;115.0;13.966303;9;session_0;256;1;MAMEM1;SSVEP_TS + SVM;SSVEP;WithinSession;Riemannian
707;0.773913;665.694;115.0;13.688838;10;session_0;256;1;MAMEM1;SSVEP_TS + SVM;SSVEP;WithinSession;Riemannian
738;0.392;713.2101;125.0;14.90832;1;session_0;256;1;MAMEM2;SSVEP_MDM;SSVEP;WithinSession;Riemannian
739;0.184;1331.195;125.0;27.888239;2;session_0;256;1;MAMEM2;SSVEP_MDM;SSVEP;WithinSession;Riemannian
740;0.208;946.2156;125.0;19.758978;3;session_0;256;1;MAMEM2;SSVEP_MDM;SSVEP;WithinSession;Riemannian
741;0.192;889.7125;125.0;18.568111;4;session_0;256;1;MAMEM2;SSVEP_MDM;SSVEP;WithinSession;Riemannian
742;0.224;957.7326;125.0;19.987677;5;session_0;256;1;MAMEM2;SSVEP_MDM;SSVEP;WithinSession;Riemannian
743;0.168;1137.5481;125.0;23.763042;6;session_0;256;1;MAMEM2;SSVEP_MDM;SSVEP;WithinSession;Riemannian
744;0.232;1075.4481;125.0;22.443323;7;session_0;256;1;MAMEM2;SSVEP_MDM;SSVEP;WithinSession;Riemannian
745;0.216;808.9136;125.0;16.91402;8;session_0;256;1;MAMEM2;SSVEP_MDM;SSVEP;WithinSession;Riemannian
746;0.2;967.5655;125.0;20.24792;9;session_0;256;1;MAMEM2;SSVEP_MDM;SSVEP;WithinSession;Riemannian
747;0.296;1453.4679;125.0;30.366346;10;session_0;256;1;MAMEM2;SSVEP_MDM;SSVEP;WithinSession;Riemannian
748;0.544;631.7094;125.0;12.900776;1;session_0;256;1;MAMEM2;SSVEP_TS + LR;SSVEP;WithinSession;Riemannian
749;0.376;1293.7356;125.0;26.396965;2;session_0;256;1;MAMEM2;SSVEP_TS + LR;SSVEP;WithinSession;Riemannian
750;0.224;753.9848;125.0;15.271397;3;session_0;256;1;MAMEM2;SSVEP_TS + LR;SSVEP;WithinSession;Riemannian
751;0.288;772.91235;125.0;15.720676;4;session_0;256;1;MAMEM2;SSVEP_TS + LR;SSVEP;WithinSession;Riemannian
752;0.256;781.46173;125.0;15.886208;5;session_0;256;1;MAMEM2;SSVEP_TS + LR;SSVEP;WithinSession;Riemannian
753;0.536;908.635;125.0;18.422441;6;session_0;256;1;MAMEM2;SSVEP_TS + LR;SSVEP;WithinSession;Riemannian
754;0.416;802.50635;125.0;16.30139;7;session_0;256;1;MAMEM2;SSVEP_TS + LR;SSVEP;WithinSession;Riemannian
755;0.28;696.03143;125.0;14.210047;8;session_0;256;1;MAMEM2;SSVEP_TS + LR;SSVEP;WithinSession;Riemannian
756;0.464;728.76685;125.0;14.736254;9;session_0;256;1;MAMEM2;SSVEP_TS + LR;SSVEP;WithinSession;Riemannian
757;0.552;1031.5564;125.0;21.086771;10;session_0;256;1;MAMEM2;SSVEP_TS + LR;SSVEP;WithinSession;Riemannian
758;0.488;603.9564;125.0;12.453791;1;session_0;256;1;MAMEM2;SSVEP_TS + SVM;SSVEP;WithinSession;Riemannian
759;0.304;1231.3972;125.0;25.451338;2;session_0;256;1;MAMEM2;SSVEP_TS + SVM;SSVEP;WithinSession;Riemannian
760;0.192;697.6205;125.0;14.342204;3;session_0;256;1;MAMEM2;SSVEP_TS + SVM;SSVEP;WithinSession;Riemannian
761;0.256;731.44934;125.0;15.053158;4;session_0;256;1;MAMEM2;SSVEP_TS + SVM;SSVEP;WithinSession;Riemannian
762;0.208;737.95966;125.0;15.189945;5;session_0;256;1;MAMEM2;SSVEP_TS + SVM;SSVEP;WithinSession;Riemannian
763;0.512;852.87354;125.0;17.53168;6;session_0;256;1;MAMEM2;SSVEP_TS + SVM;SSVEP;WithinSession;Riemannian
764;0.4;750.76526;125.0;15.458799;7;session_0;256;1;MAMEM2;SSVEP_TS + SVM;SSVEP;WithinSession;Riemannian
765;0.24;666.2855;125.0;13.745315;8;session_0;256;1;MAMEM2;SSVEP_TS + SVM;SSVEP;WithinSession;Riemannian
766;0.384;664.67236;125.0;13.701915;9;session_0;256;1;MAMEM2;SSVEP_TS + SVM;SSVEP;WithinSession;Riemannian
767;0.496;981.8735;125.0;20.262882;10;session_0;256;1;MAMEM2;SSVEP_TS + SVM;SSVEP;WithinSession;Riemannian
798;0.51;1.3122456;100.0;0.024185464;1;session_0;14;1;MAMEM3;SSVEP_MDM;SSVEP;WithinSession;Riemannian
799;0.43;1.4612527;100.0;0.026989544;2;session_0;14;1;MAMEM3;SSVEP_MDM;SSVEP;WithinSession;Riemannian
800;0.21;1.7972476;100.0;0.03326828;3;session_0;14;1;MAMEM3;SSVEP_MDM;SSVEP;WithinSession;Riemannian
801;0.42;1.3473521;100.0;0.024924293;4;session_0;14;1;MAMEM3;SSVEP_MDM;SSVEP;WithinSession;Riemannian
802;0.21;2.161587;100.0;0.040046718;5;session_0;14;1;MAMEM3;SSVEP_MDM;SSVEP;WithinSession;Riemannian
803;0.43;1.3213242;100.0;0.024459979;6;session_0;14;1;MAMEM3;SSVEP_MDM;SSVEP;WithinSession;Riemannian
804;0.24;1.3592162;100.0;0.02515681;7;session_0;14;1;MAMEM3;SSVEP_MDM;SSVEP;WithinSession;Riemannian
805;0.28;1.4227397;100.0;0.026352352;8;session_0;14;1;MAMEM3;SSVEP_MDM;SSVEP;WithinSession;Riemannian
806;0.35;1.8106227;100.0;0.033526834;9;session_0;14;1;MAMEM3;SSVEP_MDM;SSVEP;WithinSession;Riemannian
807;0.36;1.6362083;100.0;0.030311856;10;session_0;14;1;MAMEM3;SSVEP_MDM;SSVEP;WithinSession;Riemannian
808;0.59;1.256745;100.0;0.02310233;1;session_0;14;1;MAMEM3;SSVEP_TS + LR;SSVEP;WithinSession;Riemannian
809;0.6;1.3472328;100.0;0.02467854;2;session_0;14;1;MAMEM3;SSVEP_TS + LR;SSVEP;WithinSession;Riemannian
810;0.12;1.7742953;100.0;0.032828685;3;session_0;14;1;MAMEM3;SSVEP_TS + LR;SSVEP;WithinSession;Riemannian
811;0.39;1.2027061;100.0;0.022197898;4;session_0;14;1;MAMEM3;SSVEP_TS + LR;SSVEP;WithinSession;Riemannian
812;0.36;1.9558322;100.0;0.0362659;5;session_0;14;1;MAMEM3;SSVEP_TS + LR;SSVEP;WithinSession;Riemannian
813;0.49;1.2204847;100.0;0.022191292;6;session_0;14;1;MAMEM3;SSVEP_TS + LR;SSVEP;WithinSession;Riemannian
814;0.32;1.3149655;100.0;0.024281658;7;session_0;14;1;MAMEM3;SSVEP_TS + LR;SSVEP;WithinSession;Riemannian
815;0.3;1.263513;100.0;0.023300063;8;session_0;14;1;MAMEM3;SSVEP_TS + LR;SSVEP;WithinSession;Riemannian
816;0.51;1.7090869;100.0;0.03167034;9;session_0;14;1;MAMEM3;SSVEP_TS + LR;SSVEP;WithinSession;Riemannian
817;0.53;1.6051222;100.0;0.029458964;10;session_0;14;1;MAMEM3;SSVEP_TS + LR;SSVEP;WithinSession;Riemannian
818;0.62;1.2402822;100.0;0.022824906;1;session_0;14;1;MAMEM3;SSVEP_TS + SVM;SSVEP;WithinSession;Riemannian
819;0.6;1.228117;100.0;0.022622965;2;session_0;14;1;MAMEM3;SSVEP_TS + SVM;SSVEP;WithinSession;Riemannian
820;0.12;1.657692;100.0;0.030645078;3;session_0;14;1;MAMEM3;SSVEP_TS + SVM;SSVEP;WithinSession;Riemannian
821;0.38;1.1421983;100.0;0.021080622;4;session_0;14;1;MAMEM3;SSVEP_TS + SVM;SSVEP;WithinSession;Riemannian
822;0.33;1.8623228;100.0;0.034509834;5;session_0;14;1;MAMEM3;SSVEP_TS + SVM;SSVEP;WithinSession;Riemannian
823;0.47;1.1318984;100.0;0.020901296;6;session_0;14;1;MAMEM3;SSVEP_TS + SVM;SSVEP;WithinSession;Riemannian
824;0.33;1.2122257;100.0;0.02238364;7;session_0;14;1;MAMEM3;SSVEP_TS + SVM;SSVEP;WithinSession;Riemannian
825;0.32;1.1973885;100.0;0.022124717;8;session_0;14;1;MAMEM3;SSVEP_TS + SVM;SSVEP;WithinSession;Riemannian
826;0.33;1.5436518;100.0;0.02854227;9;session_0;14;1;MAMEM3;SSVEP_TS + SVM;SSVEP;WithinSession;Riemannian
827;0.52;1.4332854;100.0;0.02653626;10;session_0;14;1;MAMEM3;SSVEP_TS + SVM;SSVEP;WithinSession;Riemannian
855;0.6611111;5.497925;180.0;0.10746849;1;session_0;8;1;Nakanishi2015;SSVEP_MDM;SSVEP;WithinSession;Riemannian
856;0.31666666;5.0853534;180.0;0.09970749;2;session_0;8;1;Nakanishi2015;SSVEP_MDM;SSVEP;WithinSession;Riemannian
857;0.9;5.49816;180.0;0.10799914;3;session_0;8;1;Nakanishi2015;SSVEP_MDM;SSVEP;WithinSession;Riemannian
858;0.8888889;5.427837;180.0;0.10669671;4;session_0;8;1;Nakanishi2015;SSVEP_MDM;SSVEP;WithinSession;Riemannian
859;0.7722222;5.0279117;180.0;0.09853432;5;session_0;8;1;Nakanishi2015;SSVEP_MDM;SSVEP;WithinSession;Riemannian
860;1.0;5.7679768;180.0;0.113460094;6;session_0;8;1;Nakanishi2015;SSVEP_MDM;SSVEP;WithinSession;Riemannian
861;0.92777777;5.5140905;180.0;0.10848234;7;session_0;8;1;Nakanishi2015;SSVEP_MDM;SSVEP;WithinSession;Riemannian
862;0.81666666;5.764514;180.0;0.1133514;8;session_0;8;1;Nakanishi2015;SSVEP_MDM;SSVEP;WithinSession;Riemannian
863;0.8055556;4.621884;180.0;0.09055468;9;session_0;8;1;Nakanishi2015;SSVEP_MDM;SSVEP;WithinSession;Riemannian
864;0.70555556;4.599708;180.0;0.089339994;1;session_0;8;1;Nakanishi2015;SSVEP_TS + LR;SSVEP;WithinSession;Riemannian
865;0.48333332;4.12715;180.0;0.08041638;2;session_0;8;1;Nakanishi2015;SSVEP_TS + LR;SSVEP;WithinSession;Riemannian
866;0.89444447;4.513794;180.0;0.08796124;3;session_0;8;1;Nakanishi2015;SSVEP_TS + LR;SSVEP;WithinSession;Riemannian
867;0.95;4.4390225;180.0;0.08641975;4;session_0;8;1;Nakanishi2015;SSVEP_TS + LR;SSVEP;WithinSession;Riemannian
868;0.96666664;4.552947;180.0;0.0886135;5;session_0;8;1;Nakanishi2015;SSVEP_TS + LR;SSVEP;WithinSession;Riemannian
869;1.0;5.0419893;180.0;0.098673545;6;session_0;8;1;Nakanishi2015;SSVEP_TS + LR;SSVEP;WithinSession;Riemannian
870;0.95555556;4.76475;180.0;0.09305956;7;session_0;8;1;Nakanishi2015;SSVEP_TS + LR;SSVEP;WithinSession;Riemannian
871;0.93333334;4.9237223;180.0;0.09565328;8;session_0;8;1;Nakanishi2015;SSVEP_TS + LR;SSVEP;WithinSession;Riemannian
872;0.9611111;4.426968;180.0;0.08625337;9;session_0;8;1;Nakanishi2015;SSVEP_TS + LR;SSVEP;WithinSession;Riemannian
873;0.71666664;4.0919847;180.0;0.07947451;1;session_0;8;1;Nakanishi2015;SSVEP_TS + SVM;SSVEP;WithinSession;Riemannian
874;0.46666667;3.8380334;180.0;0.07463148;2;session_0;8;1;Nakanishi2015;SSVEP_TS + SVM;SSVEP;WithinSession;Riemannian
875;0.8888889;4.0378656;180.0;0.078582235;3;session_0;8;1;Nakanishi2015;SSVEP_TS + SVM;SSVEP;WithinSession;Riemannian
876;0.95;4.1119237;180.0;0.080066636;4;session_0;8;1;Nakanishi2015;SSVEP_TS + SVM;SSVEP;WithinSession;Riemannian
877;0.9388889;3.9098833;180.0;0.07609271;5;session_0;8;1;Nakanishi2015;SSVEP_TS + SVM;SSVEP;WithinSession;Riemannian
878;1.0;4.6826463;180.0;0.09140526;6;session_0;8;1;Nakanishi2015;SSVEP_TS + SVM;SSVEP;WithinSession;Riemannian
879;0.93333334;4.3309155;180.0;0.084386095;7;session_0;8;1;Nakanishi2015;SSVEP_TS + SVM;SSVEP;WithinSession;Riemannian
880;0.92777777;4.1125536;180.0;0.08016343;8;session_0;8;1;Nakanishi2015;SSVEP_TS + SVM;SSVEP;WithinSession;Riemannian
881;0.9444444;3.7673624;180.0;0.073218465;9;session_0;8;1;Nakanishi2015;SSVEP_TS + SVM;SSVEP;WithinSession;Riemannian
918;0.60897434;0.14587054;64.0;0.0023584426;1;session_0;8;1;Kalunga2016;SSVEP_MDM;SSVEP;WithinSession;Riemannian
919;0.73333335;0.14221182;64.0;0.0022969951;2;session_0;8;1;Kalunga2016;SSVEP_MDM;SSVEP;WithinSession;Riemannian
920;0.9051282;0.13987942;64.0;0.002269507;3;session_0;8;1;Kalunga2016;SSVEP_MDM;SSVEP;WithinSession;Riemannian
921;0.7948718;0.1412942;64.0;0.0022856884;4;session_0;8;1;Kalunga2016;SSVEP_MDM;SSVEP;WithinSession;Riemannian
922;0.5935897;0.12603673;64.0;0.002060102;5;session_0;8;1;Kalunga2016;SSVEP_MDM;SSVEP;WithinSession;Riemannian
923;0.7025641;0.14132628;64.0;0.002271405;6;session_0;8;1;Kalunga2016;SSVEP_MDM;SSVEP;WithinSession;Riemannian
924;0.87526315;0.19253635;96.0;0.0030325693;7;session_0;8;1;Kalunga2016;SSVEP_MDM;SSVEP;WithinSession;Riemannian
925;0.75;0.13985959;64.0;0.0022626952;8;session_0;8;1;Kalunga2016;SSVEP_MDM;SSVEP;WithinSession;Riemannian
926;0.53333336;0.14943504;64.0;0.0023912115;9;session_0;8;1;Kalunga2016;SSVEP_MDM;SSVEP;WithinSession;Riemannian
927;0.59353846;0.22195263;128.0;0.0034460453;10;session_0;8;1;Kalunga2016;SSVEP_MDM;SSVEP;WithinSession;Riemannian
928;0.51666665;0.14924154;64.0;0.0023931111;11;session_0;8;1;Kalunga2016;SSVEP_MDM;SSVEP;WithinSession;Riemannian
929;0.9;0.27042165;160.0;0.004164494;12;session_0;8;1;Kalunga2016;SSVEP_MDM;SSVEP;WithinSession;Riemannian
930;0.6871795;0.11547184;64.0;0.0017614366;1;session_0;8;1;Kalunga2016;SSVEP_TS + LR;SSVEP;WithinSession;Riemannian
931;0.7641026;0.114348985;64.0;0.0017481076;2;session_0;8;1;Kalunga2016;SSVEP_TS + LR;SSVEP;WithinSession;Riemannian
932;0.85897434;0.11772861;64.0;0.0017930573;3;session_0;8;1;Kalunga2016;SSVEP_TS + LR;SSVEP;WithinSession;Riemannian
933;0.73333335;0.11445546;64.0;0.001744118;4;session_0;8;1;Kalunga2016;SSVEP_TS + LR;SSVEP;WithinSession;Riemannian
934;0.5474359;0.10602474;64.0;0.001611438;5;session_0;8;1;Kalunga2016;SSVEP_TS + LR;SSVEP;WithinSession;Riemannian
935;0.7192308;0.11737623;64.0;0.0017704822;6;session_0;8;1;Kalunga2016;SSVEP_TS + LR;SSVEP;WithinSession;Riemannian
936;0.8536842;0.15622568;96.0;0.0023515886;7;session_0;8;1;Kalunga2016;SSVEP_TS + LR;SSVEP;WithinSession;Riemannian
937;0.7653846;0.12169876;64.0;0.0018571448;8;session_0;8;1;Kalunga2016;SSVEP_TS + LR;SSVEP;WithinSession;Riemannian
938;0.5641026;0.113715604;64.0;0.0017324316;9;session_0;8;1;Kalunga2016;SSVEP_TS + LR;SSVEP;WithinSession;Riemannian
939;0.5941538;0.19185881;128.0;0.0028673152;10;session_0;8;1;Kalunga2016;SSVEP_TS + LR;SSVEP;WithinSession;Riemannian
940;0.5474359;0.11974044;64.0;0.0018212954;11;session_0;8;1;Kalunga2016;SSVEP_TS + LR;SSVEP;WithinSession;Riemannian
941;0.86875;0.2790959;160.0;0.0041556326;12;session_0;8;1;Kalunga2016;SSVEP_TS + LR;SSVEP;WithinSession;Riemannian
942;0.5935897;0.107131146;64.0;0.0016373355;1;session_0;8;1;Kalunga2016;SSVEP_TS + SVM;SSVEP;WithinSession;Riemannian
943;0.74871796;0.10525074;64.0;0.0016122041;2;session_0;8;1;Kalunga2016;SSVEP_TS + SVM;SSVEP;WithinSession;Riemannian
944;0.85897434;0.108636096;64.0;0.0016626344;3;session_0;8;1;Kalunga2016;SSVEP_TS + SVM;SSVEP;WithinSession;Riemannian
945;0.7807692;0.10521527;64.0;0.001614068;4;session_0;8;1;Kalunga2016;SSVEP_TS + SVM;SSVEP;WithinSession;Riemannian
946;0.5474359;0.095794484;64.0;0.0014644279;5;session_0;8;1;Kalunga2016;SSVEP_TS + SVM;SSVEP;WithinSession;Riemannian
947;0.7025641;0.10676827;64.0;0.0016222113;6;session_0;8;1;Kalunga2016;SSVEP_TS + SVM;SSVEP;WithinSession;Riemannian
948;0.8431579;0.15174508;96.0;0.005223923;7;session_0;8;1;Kalunga2016;SSVEP_TS + SVM;SSVEP;WithinSession;Riemannian
949;0.73333335;0.11165428;64.0;0.0017090746;8;session_0;8;1;Kalunga2016;SSVEP_TS + SVM;SSVEP;WithinSession;Riemannian
950;0.61025643;0.104800746;64.0;0.0015896647;9;session_0;8;1;Kalunga2016;SSVEP_TS + SVM;SSVEP;WithinSession;Riemannian
951;0.49969232;0.1910173;128.0;0.0028440293;10;session_0;8;1;Kalunga2016;SSVEP_TS + SVM;SSVEP;WithinSession;Riemannian
952;0.4679487;0.109008834;64.0;0.0016693647;11;session_0;8;1;Kalunga2016;SSVEP_TS + SVM;SSVEP;WithinSession;Riemannian
953;0.8875;0.26597413;160.0;0.003949277;12;session_0;8;1;Kalunga2016;SSVEP_TS + SVM;SSVEP;WithinSession;Riemannian
954;0.4375;10.226166;240.0;0.00748625;1;session_0;6;1;Wang2016;SSVEP_MDM;SSVEP;WithinSession;Riemannian
955;0.5125;5.832598;240.0;0.004235463;1;session_0;6;1;Wang2016;SSVEP_TS + SVM;SSVEP;WithinSession;Riemannian
956;0.5833333;8.1435375;240.0;0.0059518535;1;session_0;6;1;Wang2016;SSVEP_TS + LR;SSVEP;WithinSession;Riemannian
957;0.675;21.775314;240.0;0.015720045;10;session_0;6;1;Wang2016;SSVEP_MDM;SSVEP;WithinSession;Riemannian
958;0.7083333;10.708444;240.0;0.0074076233;10;session_0;6;1;Wang2016;SSVEP_TS + SVM;SSVEP;WithinSession;Riemannian
959;0.76666665;52.032692;240.0;0.031262074;10;session_0;6;1;Wang2016;SSVEP_TS + LR;SSVEP;WithinSession;Riemannian
960;0.30833334;29.206059;240.0;0.020083187;11;session_0;6;1;Wang2016;SSVEP_MDM;SSVEP;WithinSession;Riemannian
961;0.37916666;36.17501;240.0;0.023095267;11;session_0;6;1;Wang2016;SSVEP_TS + SVM;SSVEP;WithinSession;Riemannian
962;0.5;17.567234;240.0;0.012955263;11;session_0;6;1;Wang2016;SSVEP_TS + LR;SSVEP;WithinSession;Riemannian
963;0.40416667;30.812271;240.0;0.013687404;12;session_0;6;1;Wang2016;SSVEP_MDM;SSVEP;WithinSession;Riemannian
964;0.5083333;10.151987;240.0;0.0055149565;12;session_0;6;1;Wang2016;SSVEP_TS + SVM;SSVEP;WithinSession;Riemannian
965;0.65;48.611782;240.0;0.02187941;12;session_0;6;1;Wang2016;SSVEP_TS + LR;SSVEP;WithinSession;Riemannian
966;0.8208333;11.005274;240.0;0.0077671637;13;session_0;6;1;Wang2016;SSVEP_MDM;SSVEP;WithinSession;Riemannian
967;0.82916665;49.85317;240.0;0.018252635;13;session_0;6;1;Wang2016;SSVEP_TS + SVM;SSVEP;WithinSession;Riemannian
968;0.8833333;14.361693;240.0;0.009024912;13;session_0;6;1;Wang2016;SSVEP_TS + LR;SSVEP;WithinSession;Riemannian
969;0.7125;9.841807;240.0;0.0071064536;14;session_0;6;1;Wang2016;SSVEP_MDM;SSVEP;WithinSession;Riemannian
970;0.78333336;58.50365;240.0;0.029643321;14;session_0;6;1;Wang2016;SSVEP_TS + SVM;SSVEP;WithinSession;Riemannian
971;0.8625;19.35729;240.0;0.0072130696;14;session_0;6;1;Wang2016;SSVEP_TS + LR;SSVEP;WithinSession;Riemannian
972;0.7083333;16.97314;240.0;0.011920251;15;session_0;6;1;Wang2016;SSVEP_MDM;SSVEP;WithinSession;Riemannian
973;0.72083336;20.873528;240.0;0.012219655;15;session_0;6;1;Wang2016;SSVEP_TS + SVM;SSVEP;WithinSession;Riemannian
974;0.82916665;12.282692;240.0;0.008583126;15;session_0;6;1;Wang2016;SSVEP_TS + LR;SSVEP;WithinSession;Riemannian
975;0.21666667;10.654975;240.0;0.008441783;16;session_0;6;1;Wang2016;SSVEP_MDM;SSVEP;WithinSession;Riemannian
976;0.27083334;12.417705;240.0;0.0062708515;16;session_0;6;1;Wang2016;SSVEP_TS + SVM;SSVEP;WithinSession;Riemannian
977;0.32083333;39.907642;240.0;0.022718625;16;session_0;6;1;Wang2016;SSVEP_TS + LR;SSVEP;WithinSession;Riemannian
978;0.7708333;11.173571;240.0;0.008176123;17;session_0;6;1;Wang2016;SSVEP_MDM;SSVEP;WithinSession;Riemannian
979;0.7916667;55.751072;240.0;0.032049544;17;session_0;6;1;Wang2016;SSVEP_TS + SVM;SSVEP;WithinSession;Riemannian
980;0.85833335;44.937378;240.0;0.026324274;17;session_0;6;1;Wang2016;SSVEP_TS + LR;SSVEP;WithinSession;Riemannian
981;0.4125;43.381863;240.0;0.032245073;18;session_0;6;1;Wang2016;SSVEP_MDM;SSVEP;WithinSession;Riemannian
982;0.45416668;42.372776;240.0;0.02697496;18;session_0;6;1;Wang2016;SSVEP_TS + SVM;SSVEP;WithinSession;Riemannian
983;0.5416667;10.229319;240.0;0.010300662;18;session_0;6;1;Wang2016;SSVEP_TS + LR;SSVEP;WithinSession;Riemannian
984;0.2375;21.511124;240.0;0.014543241;19;session_0;6;1;Wang2016;SSVEP_MDM;SSVEP;WithinSession;Riemannian
985;0.24166666;17.38796;240.0;0.010757813;19;session_0;6;1;Wang2016;SSVEP_TS + SVM;SSVEP;WithinSession;Riemannian
986;0.33333334;10.061828;240.0;0.007996498;19;session_0;6;1;Wang2016;SSVEP_TS + LR;SSVEP;WithinSession;Riemannian
987;0.42083332;12.667666;240.0;0.009800745;2;session_0;6;1;Wang2016;SSVEP_MDM;SSVEP;WithinSession;Riemannian
988;0.4375;5.679589;240.0;0.0048551634;2;session_0;6;1;Wang2016;SSVEP_TS + SVM;SSVEP;WithinSession;Riemannian
989;0.5;56.908245;240.0;0.032392934;2;session_0;6;1;Wang2016;SSVEP_TS + LR;SSVEP;WithinSession;Riemannian
990;0.64166665;14.715655;240.0;0.011185943;20;session_0;6;1;Wang2016;SSVEP_MDM;SSVEP;WithinSession;Riemannian
991;0.69166666;60.026196;240.0;0.03255577;20;session_0;6;1;Wang2016;SSVEP_TS + SVM;SSVEP;WithinSession;Riemannian
992;0.75416666;7.8440733;240.0;0.0063722134;20;session_0;6;1;Wang2016;SSVEP_TS + LR;SSVEP;WithinSession;Riemannian
993;0.56666666;21.012526;240.0;0.012665699;21;session_0;6;1;Wang2016;SSVEP_MDM;SSVEP;WithinSession;Riemannian
994;0.5833333;11.109215;240.0;0.007061853;21;session_0;6;1;Wang2016;SSVEP_TS + SVM;SSVEP;WithinSession;Riemannian
995;0.65;24.18332;240.0;0.013527683;21;session_0;6;1;Wang2016;SSVEP_TS + LR;SSVEP;WithinSession;Riemannian
996;0.6333333;10.425075;240.0;0.008718504;22;session_0;6;1;Wang2016;SSVEP_MDM;SSVEP;WithinSession;Riemannian
997;0.6458333;7.266538;240.0;0.004413682;22;session_0;6;1;Wang2016;SSVEP_TS + SVM;SSVEP;WithinSession;Riemannian
998;0.7291667;36.414967;240.0;0.014997734;22;session_0;6;1;Wang2016;SSVEP_TS + LR;SSVEP;WithinSession;Riemannian
999;0.42083332;13.770193;240.0;0.010756083;23;session_0;6;1;Wang2016;SSVEP_MDM;SSVEP;WithinSession;Riemannian
1000;0.45416668;5.9483085;240.0;0.005626869;23;session_0;6;1;Wang2016;SSVEP_TS + SVM;SSVEP;WithinSession;Riemannian
1001;0.54583335;8.017782;240.0;0.0064520976;23;session_0;6;1;Wang2016;SSVEP_TS + LR;SSVEP;WithinSession;Riemannian
1002;0.475;10.580699;240.0;0.009222358;24;session_0;6;1;Wang2016;SSVEP_MDM;SSVEP;WithinSession;Riemannian
1003;0.51666665;59.539;240.0;0.034645624;24;session_0;6;1;Wang2016;SSVEP_TS + SVM;SSVEP;WithinSession;Riemannian
1004;0.6125;45.405018;240.0;0.027693141;24;session_0;6;1;Wang2016;SSVEP_TS + LR;SSVEP;WithinSession;Riemannian
1005;0.825;10.990946;240.0;0.0073546823;25;session_0;6;1;Wang2016;SSVEP_MDM;SSVEP;WithinSession;Riemannian
1006;0.82916665;48.890587;240.0;0.023281856;25;session_0;6;1;Wang2016;SSVEP_TS + SVM;SSVEP;WithinSession;Riemannian
1007;0.90416664;15.250528;240.0;0.009174223;25;session_0;6;1;Wang2016;SSVEP_TS + LR;SSVEP;WithinSession;Riemannian
1008;0.85833335;13.375193;240.0;0.009665858;26;session_0;6;1;Wang2016;SSVEP_MDM;SSVEP;WithinSession;Riemannian
1009;0.87083334;59.08307;240.0;0.034716018;26;session_0;6;1;Wang2016;SSVEP_TS + SVM;SSVEP;WithinSession;Riemannian
1010;0.9;12.661676;240.0;0.010655988;26;session_0;6;1;Wang2016;SSVEP_TS + LR;SSVEP;WithinSession;Riemannian
1011;0.59166664;15.58494;240.0;0.015121752;27;session_0;6;1;Wang2016;SSVEP_MDM;SSVEP;WithinSession;Riemannian
1012;0.6791667;25.255653;240.0;0.014912882;27;session_0;6;1;Wang2016;SSVEP_TS + SVM;SSVEP;WithinSession;Riemannian
1013;0.7375;13.965174;240.0;0.009627691;27;session_0;6;1;Wang2016;SSVEP_TS + LR;SSVEP;WithinSession;Riemannian
1014;0.30416667;17.035723;240.0;0.01368587;28;session_0;6;1;Wang2016;SSVEP_MDM;SSVEP;WithinSession;Riemannian
1015;0.35416666;7.672139;240.0;0.00666981;28;session_0;6;1;Wang2016;SSVEP_TS + SVM;SSVEP;WithinSession;Riemannian
1016;0.46666667;14.534399;240.0;0.0114773;28;session_0;6;1;Wang2016;SSVEP_TS + LR;SSVEP;WithinSession;Riemannian
1017;0.24166666;51.235294;240.0;0.026275374;29;session_0;6;1;Wang2016;SSVEP_MDM;SSVEP;WithinSession;Riemannian
1018;0.30416667;6.5125318;240.0;0.0049710223;29;session_0;6;1;Wang2016;SSVEP_TS + SVM;SSVEP;WithinSession;Riemannian
1019;0.35;29.568216;240.0;0.016766882;29;session_0;6;1;Wang2016;SSVEP_TS + LR;SSVEP;WithinSession;Riemannian
1020;0.6166667;10.262858;240.0;0.009287532;3;session_0;6;1;Wang2016;SSVEP_MDM;SSVEP;WithinSession;Riemannian
1021;0.69166666;51.42826;240.0;0.029365342;3;session_0;6;1;Wang2016;SSVEP_TS + SVM;SSVEP;WithinSession;Riemannian
1022;0.7916667;8.969801;240.0;0.007454199;3;session_0;6;1;Wang2016;SSVEP_TS + LR;SSVEP;WithinSession;Riemannian
1023;0.60833335;24.721169;240.0;0.018675406;30;session_0;6;1;Wang2016;SSVEP_MDM;SSVEP;WithinSession;Riemannian
1024;0.65833336;8.160138;240.0;0.0058089043;30;session_0;6;1;Wang2016;SSVEP_TS + SVM;SSVEP;WithinSession;Riemannian
1025;0.77916664;39.02945;240.0;0.023248974;30;session_0;6;1;Wang2016;SSVEP_TS + LR;SSVEP;WithinSession;Riemannian
1026;0.9875;10.480907;240.0;0.009122321;31;session_0;6;1;Wang2016;SSVEP_MDM;SSVEP;WithinSession;Riemannian
1027;0.9916667;48.937565;240.0;0.031160152;31;session_0;6;1;Wang2016;SSVEP_TS + SVM;SSVEP;WithinSession;Riemannian
1028;0.9875;12.780911;240.0;0.009664767;31;session_0;6;1;Wang2016;SSVEP_TS + LR;SSVEP;WithinSession;Riemannian
1029;0.8625;15.876359;240.0;0.011741725;32;session_0;6;1;Wang2016;SSVEP_MDM;SSVEP;WithinSession;Riemannian
1030;0.85;20.668734;240.0;0.013330438;32;session_0;6;1;Wang2016;SSVEP_TS + SVM;SSVEP;WithinSession;Riemannian
1031;0.9;59.44875;240.0;0.031230807;32;session_0;6;1;Wang2016;SSVEP_TS + LR;SSVEP;WithinSession;Riemannian
1032;0.09583333;11.820783;240.0;0.011216155;33;session_0;6;1;Wang2016;SSVEP_MDM;SSVEP;WithinSession;Riemannian
1033;0.09166667;20.270153;240.0;0.012210392;33;session_0;6;1;Wang2016;SSVEP_TS + SVM;SSVEP;WithinSession;Riemannian
1034;0.12916666;11.854397;240.0;0.0106011;33;session_0;6;1;Wang2016;SSVEP_TS + LR;SSVEP;WithinSession;Riemannian
1035;0.2375;15.63688;240.0;0.009337772;34;session_0;6;1;Wang2016;SSVEP_MDM;SSVEP;WithinSession;Riemannian
1036;0.52916664;30.353205;240.0;0.013652692;34;session_0;6;1;Wang2016;SSVEP_TS + SVM;SSVEP;WithinSession;Riemannian
1037;0.74583334;33.839443;240.0;0.016268868;34;session_0;6;1;Wang2016;SSVEP_TS + LR;SSVEP;WithinSession;Riemannian
1038;0.7291667;29.435822;240.0;0.025190217;4;session_0;6;1;Wang2016;SSVEP_MDM;SSVEP;WithinSession;Riemannian
1039;0.75;14.931852;240.0;0.010948862;4;session_0;6;1;Wang2016;SSVEP_TS + SVM;SSVEP;WithinSession;Riemannian
1040;0.80833334;17.27125;240.0;0.013174802;4;session_0;6;1;Wang2016;SSVEP_TS + LR;SSVEP;WithinSession;Riemannian
1041;0.7375;27.986816;240.0;0.020356063;5;session_0;6;1;Wang2016;SSVEP_MDM;SSVEP;WithinSession;Riemannian
1042;0.78333336;8.093894;240.0;0.0057196943;5;session_0;6;1;Wang2016;SSVEP_TS + SVM;SSVEP;WithinSession;Riemannian
1043;0.84166664;33.54075;240.0;0.020016141;5;session_0;6;1;Wang2016;SSVEP_TS + LR;SSVEP;WithinSession;Riemannian
1044;0.6041667;51.444088;240.0;0.030354496;6;session_0;6;1;Wang2016;SSVEP_MDM;SSVEP;WithinSession;Riemannian
1045;0.675;6.0513873;240.0;0.004591497;6;session_0;6;1;Wang2016;SSVEP_TS + SVM;SSVEP;WithinSession;Riemannian
1046;0.7875;12.268746;240.0;0.008675317;6;session_0;6;1;Wang2016;SSVEP_TS + LR;SSVEP;WithinSession;Riemannian
1047;0.41666666;18.671177;240.0;0.012223103;7;session_0;6;1;Wang2016;SSVEP_MDM;SSVEP;WithinSession;Riemannian
1048;0.5083333;13.727946;240.0;0.008606477;7;session_0;6;1;Wang2016;SSVEP_TS + SVM;SSVEP;WithinSession;Riemannian
1049;0.6;8.742129;240.0;0.006818097;7;session_0;6;1;Wang2016;SSVEP_TS + LR;SSVEP;WithinSession;Riemannian
1050;0.6875;17.259193;240.0;0.013791641;8;session_0;6;1;Wang2016;SSVEP_MDM;SSVEP;WithinSession;Riemannian
1051;0.75416666;39.04371;240.0;0.027533527;8;session_0;6;1;Wang2016;SSVEP_TS + SVM;SSVEP;WithinSession;Riemannian
1052;0.8333333;23.066252;240.0;0.018581;8;session_0;6;1;Wang2016;SSVEP_TS + LR;SSVEP;WithinSession;Riemannian
1053;0.35416666;30.555113;240.0;0.024352536;9;session_0;6;1;Wang2016;SSVEP_MDM;SSVEP;WithinSession;Riemannian
1054;0.40833333;51.969414;240.0;0.037254356;9;session_0;6;1;Wang2016;SSVEP_TS + SVM;SSVEP;WithinSession;Riemannian
1055;0.475;8.67661;240.0;0.008219205;9;session_0;6;1;Wang2016;SSVEP_TS + LR;SSVEP;WithinSession;Riemannian
12;0.24444444;0.23016343;48.0;0.0016428676;1;0;8;1;Kalunga2016;TRCA;SSVEP;WithinSession;Raw
13;0.4488889;0.23974165;48.0;0.0017110206;2;0;8;1;Kalunga2016;TRCA;SSVEP;WithinSession;Raw
14;0.41333333;0.23745675;48.0;0.0016949178;3;0;8;1;Kalunga2016;TRCA;SSVEP;WithinSession;Raw
15;0.4377778;0.23457742;48.0;0.0016743161;4;0;8;1;Kalunga2016;TRCA;SSVEP;WithinSession;Raw
16;0.33555555;0.2320066;48.0;0.0016559145;5;0;8;1;Kalunga2016;TRCA;SSVEP;WithinSession;Raw
17;0.3288889;0.23165059;48.0;0.001653254;6;0;8;1;Kalunga2016;TRCA;SSVEP;WithinSession;Raw
18;0.4047619;0.32885137;72.0;0.002347594;7;0;8;1;Kalunga2016;TRCA;SSVEP;WithinSession;Raw
19;0.14444445;0.2310513;48.0;0.0016491447;8;0;8;1;Kalunga2016;TRCA;SSVEP;WithinSession;Raw
20;0.2911111;0.23428841;48.0;0.0016721728;9;0;8;1;Kalunga2016;TRCA;SSVEP;WithinSession;Raw
21;0.37526315;0.40896606;96.0;0.002919549;10;0;8;1;Kalunga2016;TRCA;SSVEP;WithinSession;Raw
22;0.38;0.23650512;48.0;0.0016880055;11;0;8;1;Kalunga2016;TRCA;SSVEP;WithinSession;Raw
23;0.3;0.50063705;120.0;0.0035743555;12;0;8;1;Kalunga2016;TRCA;SSVEP;WithinSession;Raw
24;0.25111112;0.0687048;48.0;0.0004892359;1;0;8;1;Kalunga2016;CCA;SSVEP;WithinSession;Raw
25;0.3311111;0.06905975;48.0;0.0004923175;2;0;8;1;Kalunga2016;CCA;SSVEP;WithinSession;Raw
26;0.33333334;0.06819558;48.0;0.00048600935;3;0;8;1;Kalunga2016;CCA;SSVEP;WithinSession;Raw
27;0.33333334;0.060651876;48.0;0.0004322016;4;0;8;1;Kalunga2016;CCA;SSVEP;WithinSession;Raw
28;0.39777777;0.06897416;48.0;0.0004915221;5;0;8;1;Kalunga2016;CCA;SSVEP;WithinSession;Raw
29;0.35333332;0.06724992;48.0;0.00047919448;6;0;8;1;Kalunga2016;CCA;SSVEP;WithinSession;Raw
30;0.34761906;0.09172831;72.0;0.0006541185;7;0;8;1;Kalunga2016;CCA;SSVEP;WithinSession;Raw
31;0.31111112;0.060394146;48.0;0.00043018488;8;0;8;1;Kalunga2016;CCA;SSVEP;WithinSession;Raw
32;0.35333332;0.067432165;48.0;0.0004804167;9;0;8;1;Kalunga2016;CCA;SSVEP;WithinSession;Raw
33;0.3331579;0.11235185;96.0;0.00080138334;10;0;8;1;Kalunga2016;CCA;SSVEP;WithinSession;Raw
34;0.35333332;0.065787695;48.0;0.00046880607;11;0;8;1;Kalunga2016;CCA;SSVEP;WithinSession;Raw
35;0.36666667;0.1424491;120.0;0.0010163606;12;0;8;1;Kalunga2016;CCA;SSVEP;WithinSession;Raw
36;1.0;6.2480016;180.0;0.044618763;1;0;8;1;Nakanishi2015;TRCA;SSVEP;WithinSession;Raw
37;0.93333334;6.1541963;180.0;0.04394846;2;0;8;1;Nakanishi2015;TRCA;SSVEP;WithinSession;Raw
38;1.0;5.726732;180.0;0.040896613;3;0;8;1;Nakanishi2015;TRCA;SSVEP;WithinSession;Raw
39;1.0;5.6446366;180.0;0.040309854;4;0;8;1;Nakanishi2015;TRCA;SSVEP;WithinSession;Raw
40;1.0;5.7017007;180.0;0.040717743;5;0;8;1;Nakanishi2015;TRCA;SSVEP;WithinSession;Raw
41;1.0;5.7623425;180.0;0.041150875;6;0;8;1;Nakanishi2015;TRCA;SSVEP;WithinSession;Raw
42;0.99444443;5.787143;180.0;0.041327685;7;0;8;1;Nakanishi2015;TRCA;SSVEP;WithinSession;Raw
43;1.0;6.2864976;180.0;0.044893406;8;0;8;1;Nakanishi2015;TRCA;SSVEP;WithinSession;Raw
44;1.0;6.2341375;180.0;0.044519905;9;0;8;1;Nakanishi2015;TRCA;SSVEP;WithinSession;Raw
54;0.6888889;1.0038165;180.0;0.007167882;1;0;8;1;Nakanishi2015;CCA;SSVEP;WithinSession;Raw
55;0.67777777;1.0099677;180.0;0.0072116847;2;0;8;1;Nakanishi2015;CCA;SSVEP;WithinSession;Raw
56;0.98333335;1.0109617;180.0;0.0072188885;3;0;8;1;Nakanishi2015;CCA;SSVEP;WithinSession;Raw
57;0.99444443;0.9917289;180.0;0.007080949;4;0;8;1;Nakanishi2015;CCA;SSVEP;WithinSession;Raw
58;0.98888886;0.97455657;180.0;0.0069584777;5;0;8;1;Nakanishi2015;CCA;SSVEP;WithinSession;Raw
59;1.0;0.9805961;180.0;0.007001512;6;0;8;1;Nakanishi2015;CCA;SSVEP;WithinSession;Raw
60;1.0;1.0120089;180.0;0.0072260275;7;0;8;1;Nakanishi2015;CCA;SSVEP;WithinSession;Raw
61;1.0;0.9903449;180.0;0.0070711626;8;0;8;1;Nakanishi2015;CCA;SSVEP;WithinSession;Raw
62;0.99444443;0.99279916;180.0;0.007088617;9;0;8;1;Nakanishi2015;CCA;SSVEP;WithinSession;Raw
63;0.25;0.18623833;100.0;0.0013291443;1;0;14;1;MAMEM3;CCA;SSVEP;WithinSession;Raw
64;0.24;0.18704367;100.0;0.0013345298;2;0;14;1;MAMEM3;CCA;SSVEP;WithinSession;Raw
65;0.28;0.18153019;100.0;0.0012952887;3;0;14;1;MAMEM3;CCA;SSVEP;WithinSession;Raw
66;0.17;0.19075498;100.0;0.0013613743;4;0;14;1;MAMEM3;CCA;SSVEP;WithinSession;Raw
67;0.25;0.19611779;100.0;0.0013994746;5;0;14;1;MAMEM3;CCA;SSVEP;WithinSession;Raw
68;0.13;0.18324056;100.0;0.0013076767;6;0;14;1;MAMEM3;CCA;SSVEP;WithinSession;Raw
69;0.24;0.17740011;100.0;0.0012660029;7;0;14;1;MAMEM3;CCA;SSVEP;WithinSession;Raw
70;0.24;0.1819233;100.0;0.0012981873;8;0;14;1;MAMEM3;CCA;SSVEP;WithinSession;Raw
71;0.2;0.18242273;100.0;0.0013017302;9;0;14;1;MAMEM3;CCA;SSVEP;WithinSession;Raw
72;0.28;0.17286429;100.0;0.0012336973;10;0;14;1;MAMEM3;CCA;SSVEP;WithinSession;Raw
83;0.3;4.350293;100.0;0.03106585;1;0;14;1;MAMEM3;TRCA;SSVEP;WithinSession;Raw
84;0.23;4.4240265;100.0;0.031592544;2;0;14;1;MAMEM3;TRCA;SSVEP;WithinSession;Raw
85;0.2;4.427155;100.0;0.031615213;3;0;14;1;MAMEM3;TRCA;SSVEP;WithinSession;Raw
86;0.33;4.4484806;100.0;0.03176771;4;0;14;1;MAMEM3;TRCA;SSVEP;WithinSession;Raw
87;0.3;4.429359;100.0;0.031631228;5;0;14;1;MAMEM3;TRCA;SSVEP;WithinSession;Raw
88;0.24;4.4752975;100.0;0.031958997;6;0;14;1;MAMEM3;TRCA;SSVEP;WithinSession;Raw
89;0.29;4.430692;100.0;0.03164027;7;0;14;1;MAMEM3;TRCA;SSVEP;WithinSession;Raw
90;0.24;4.556577;100.0;0.032539327;8;0;14;1;MAMEM3;TRCA;SSVEP;WithinSession;Raw
91;0.33;4.4738193;100.0;0.0319485;9;0;14;1;MAMEM3;TRCA;SSVEP;WithinSession;Raw
92;0.25;4.419846;100.0;0.031562872;10;0;14;1;MAMEM3;TRCA;SSVEP;WithinSession;Raw
93;0.99;35.936066;100.0;0.25663915;1;session_1;62;2;Lee2019-SSVEP;TRCA;SSVEP;WithinSession;Raw
94;0.96;36.290047;100.0;0.25916433;1;session_2;62;2;Lee2019-SSVEP;TRCA;SSVEP;WithinSession;Raw
95;1.0;35.243443;100.0;0.2516936;2;session_1;62;2;Lee2019-SSVEP;TRCA;SSVEP;WithinSession;Raw
96;1.0;35.319267;100.0;0.25223455;2;session_2;62;2;Lee2019-SSVEP;TRCA;SSVEP;WithinSession;Raw
97;0.91;36.100876;100.0;0.25781295;3;session_1;62;2;Lee2019-SSVEP;TRCA;SSVEP;WithinSession;Raw
98;1.0;34.50792;100.0;0.24643992;3;session_2;62;2;Lee2019-SSVEP;TRCA;SSVEP;WithinSession;Raw
99;1.0;35.067604;100.0;0.25043792;4;session_1;62;2;Lee2019-SSVEP;TRCA;SSVEP;WithinSession;Raw
100;1.0;34.092587;100.0;0.24347398;4;session_2;62;2;Lee2019-SSVEP;TRCA;SSVEP;WithinSession;Raw
101;0.87;34.711643;100.0;0.24789579;5;session_1;62;2;Lee2019-SSVEP;TRCA;SSVEP;WithinSession;Raw
102;0.98;35.192776;100.0;0.25133118;5;session_2;62;2;Lee2019-SSVEP;TRCA;SSVEP;WithinSession;Raw
103;1.0;36.01551;100.0;0.25720683;6;session_1;62;2;Lee2019-SSVEP;TRCA;SSVEP;WithinSession;Raw
104;1.0;34.820774;100.0;0.24867396;6;session_2;62;2;Lee2019-SSVEP;TRCA;SSVEP;WithinSession;Raw
105;1.0;36.190746;100.0;0.2584582;7;session_1;62;2;Lee2019-SSVEP;TRCA;SSVEP;WithinSession;Raw
106;0.99;36.181393;100.0;0.25839135;7;session_2;62;2;Lee2019-SSVEP;TRCA;SSVEP;WithinSession;Raw
107;0.97;36.09508;100.0;0.25777316;8;session_1;62;2;Lee2019-SSVEP;TRCA;SSVEP;WithinSession;Raw
108;1.0;34.60911;100.0;0.24715926;8;session_2;62;2;Lee2019-SSVEP;TRCA;SSVEP;WithinSession;Raw
109;1.0;35.57974;100.0;0.25409326;9;session_1;62;2;Lee2019-SSVEP;TRCA;SSVEP;WithinSession;Raw
110;0.98;37.249596;100.0;0.26602054;9;session_2;62;2;Lee2019-SSVEP;TRCA;SSVEP;WithinSession;Raw
111;1.0;36.168674;100.0;0.25830066;10;session_1;62;2;Lee2019-SSVEP;TRCA;SSVEP;WithinSession;Raw
112;1.0;36.612465;100.0;0.26146892;10;session_2;62;2;Lee2019-SSVEP;TRCA;SSVEP;WithinSession;Raw
113;1.0;38.386745;100.0;0.27414176;11;session_1;62;2;Lee2019-SSVEP;TRCA;SSVEP;WithinSession;Raw
114;1.0;36.45443;100.0;0.26034155;11;session_2;62;2;Lee2019-SSVEP;TRCA;SSVEP;WithinSession;Raw
115;0.99;37.036945;100.0;0.2645005;12;session_1;62;2;Lee2019-SSVEP;TRCA;SSVEP;WithinSession;Raw
116;0.96;35.025932;100.0;0.25014043;12;session_2;62;2;Lee2019-SSVEP;TRCA;SSVEP;WithinSession;Raw
117;1.0;36.02505;100.0;0.2572729;13;session_1;62;2;Lee2019-SSVEP;TRCA;SSVEP;WithinSession;Raw
118;1.0;34.47272;100.0;0.24618739;13;session_2;62;2;Lee2019-SSVEP;TRCA;SSVEP;WithinSession;Raw
119;1.0;37.130737;100.0;0.2651713;14;session_1;62;2;Lee2019-SSVEP;TRCA;SSVEP;WithinSession;Raw
120;1.0;37.30181;100.0;0.26638928;14;session_2;62;2;Lee2019-SSVEP;TRCA;SSVEP;WithinSession;Raw
121;1.0;35.51776;100.0;0.2536512;15;session_1;62;2;Lee2019-SSVEP;TRCA;SSVEP;WithinSession;Raw
122;1.0;34.832092;100.0;0.24875511;15;session_2;62;2;Lee2019-SSVEP;TRCA;SSVEP;WithinSession;Raw
123;1.0;35.865635;100.0;0.2561364;16;session_1;62;2;Lee2019-SSVEP;TRCA;SSVEP;WithinSession;Raw
124;0.99;35.95556;100.0;0.25677887;16;session_2;62;2;Lee2019-SSVEP;TRCA;SSVEP;WithinSession;Raw
125;1.0;34.50156;100.0;0.24639493;17;session_1;62;2;Lee2019-SSVEP;TRCA;SSVEP;WithinSession;Raw
126;0.99;35.879654;100.0;0.011075052;17;session_2;62;2;Lee2019-SSVEP;TRCA;SSVEP;WithinSession;Raw
127;0.97;35.654068;100.0;0.25462618;18;session_1;62;2;Lee2019-SSVEP;TRCA;SSVEP;WithinSession;Raw
128;1.0;34.677597;100.0;0.24765044;18;session_2;62;2;Lee2019-SSVEP;TRCA;SSVEP;WithinSession;Raw
129;1.0;35.66283;100.0;0.25468895;19;session_1;62;2;Lee2019-SSVEP;TRCA;SSVEP;WithinSession;Raw
130;0.99;35.09626;100.0;0.25064248;19;session_2;62;2;Lee2019-SSVEP;TRCA;SSVEP;WithinSession;Raw
131;1.0;35.83488;100.0;0.25591272;20;session_1;62;2;Lee2019-SSVEP;TRCA;SSVEP;WithinSession;Raw
132;0.99;37.025635;100.0;0.26442114;20;session_2;62;2;Lee2019-SSVEP;TRCA;SSVEP;WithinSession;Raw
133;0.99;36.378006;100.0;0.25979203;21;session_1;62;2;Lee2019-SSVEP;TRCA;SSVEP;WithinSession;Raw
134;1.0;34.177685;100.0;0.24407941;21;session_2;62;2;Lee2019-SSVEP;TRCA;SSVEP;WithinSession;Raw
135;0.99;33.89568;100.0;0.24206746;22;session_1;62;2;Lee2019-SSVEP;TRCA;SSVEP;WithinSession;Raw
136;0.97;34.936222;100.0;0.24949908;22;session_2;62;2;Lee2019-SSVEP;TRCA;SSVEP;WithinSession;Raw
137;0.85;36.99177;100.0;0.2641791;23;session_1;62;2;Lee2019-SSVEP;TRCA;SSVEP;WithinSession;Raw
138;0.87;35.50901;100.0;0.25359043;23;session_2;62;2;Lee2019-SSVEP;TRCA;SSVEP;WithinSession;Raw
139;1.0;35.496128;100.0;0.25349367;24;session_1;62;2;Lee2019-SSVEP;TRCA;SSVEP;WithinSession;Raw
140;0.99;36.462036;100.0;0.26039532;24;session_2;62;2;Lee2019-SSVEP;TRCA;SSVEP;WithinSession;Raw
141;1.0;34.20516;100.0;0.24427484;25;session_1;62;2;Lee2019-SSVEP;TRCA;SSVEP;WithinSession;Raw
142;0.99;35.778458;100.0;0.25551277;25;session_2;62;2;Lee2019-SSVEP;TRCA;SSVEP;WithinSession;Raw
143;1.0;36.48794;100.0;0.2605759;26;session_1;62;2;Lee2019-SSVEP;TRCA;SSVEP;WithinSession;Raw
144;1.0;35.509754;100.0;0.2535951;26;session_2;62;2;Lee2019-SSVEP;TRCA;SSVEP;WithinSession;Raw
145;1.0;35.779606;100.0;0.2555224;27;session_1;62;2;Lee2019-SSVEP;TRCA;SSVEP;WithinSession;Raw
146;1.0;35.728855;100.0;0.25515804;27;session_2;62;2;Lee2019-SSVEP;TRCA;SSVEP;WithinSession;Raw
147;0.97;34.949905;100.0;0.2495972;28;session_1;62;2;Lee2019-SSVEP;TRCA;SSVEP;WithinSession;Raw
148;0.99;34.66636;100.0;0.24756952;28;session_2;62;2;Lee2019-SSVEP;TRCA;SSVEP;WithinSession;Raw
149;0.99;35.396667;100.0;0.25278768;29;session_1;62;2;Lee2019-SSVEP;TRCA;SSVEP;WithinSession;Raw
150;0.99;36.428486;100.0;0.26015633;29;session_2;62;2;Lee2019-SSVEP;TRCA;SSVEP;WithinSession;Raw
151;1.0;35.889545;100.0;0.2563076;30;session_1;62;2;Lee2019-SSVEP;TRCA;SSVEP;WithinSession;Raw
152;1.0;34.77787;100.0;0.2483661;30;session_2;62;2;Lee2019-SSVEP;TRCA;SSVEP;WithinSession;Raw
153;1.0;35.65399;100.0;0.25462466;31;session_1;62;2;Lee2019-SSVEP;TRCA;SSVEP;WithinSession;Raw
154;1.0;34.848343;100.0;0.24887145;31;session_2;62;2;Lee2019-SSVEP;TRCA;SSVEP;WithinSession;Raw
155;1.0;35.80069;100.0;0.2556726;32;session_1;62;2;Lee2019-SSVEP;TRCA;SSVEP;WithinSession;Raw
156;1.0;34.668858;100.0;0.24758965;32;session_2;62;2;Lee2019-SSVEP;TRCA;SSVEP;WithinSession;Raw
157;1.0;34.89627;100.0;0.24921432;33;session_1;62;2;Lee2019-SSVEP;TRCA;SSVEP;WithinSession;Raw
158;1.0;34.13458;100.0;0.24377444;33;session_2;62;2;Lee2019-SSVEP;TRCA;SSVEP;WithinSession;Raw
159;0.98;34.847504;100.0;0.24886541;34;session_1;62;2;Lee2019-SSVEP;TRCA;SSVEP;WithinSession;Raw
160;0.97;35.78491;100.0;0.25555587;34;session_2;62;2;Lee2019-SSVEP;TRCA;SSVEP;WithinSession;Raw
161;1.0;34.62818;100.0;0.24729721;35;session_1;62;2;Lee2019-SSVEP;TRCA;SSVEP;WithinSession;Raw
162;0.98;35.085667;100.0;0.25056556;35;session_2;62;2;Lee2019-SSVEP;TRCA;SSVEP;WithinSession;Raw
163;1.0;34.234623;100.0;0.24448842;36;session_1;62;2;Lee2019-SSVEP;TRCA;SSVEP;WithinSession;Raw
164;1.0;35.2516;100.0;0.25175;36;session_2;62;2;Lee2019-SSVEP;TRCA;SSVEP;WithinSession;Raw
165;0.98;35.20782;100.0;0.25143653;37;session_1;62;2;Lee2019-SSVEP;TRCA;SSVEP;WithinSession;Raw
166;1.0;35.776134;100.0;0.25549832;37;session_2;62;2;Lee2019-SSVEP;TRCA;SSVEP;WithinSession;Raw
167;0.99;35.02484;100.0;0.25013202;38;session_1;62;2;Lee2019-SSVEP;TRCA;SSVEP;WithinSession;Raw
168;1.0;34.204967;100.0;0.2442766;38;session_2;62;2;Lee2019-SSVEP;TRCA;SSVEP;WithinSession;Raw
169;1.0;34.65888;100.0;0.24751762;39;session_1;62;2;Lee2019-SSVEP;TRCA;SSVEP;WithinSession;Raw
170;1.0;35.78096;100.0;0.25553167;39;session_2;62;2;Lee2019-SSVEP;TRCA;SSVEP;WithinSession;Raw
171;0.94;35.001266;100.0;0.2499643;40;session_1;62;2;Lee2019-SSVEP;TRCA;SSVEP;WithinSession;Raw
172;1.0;34.921795;100.0;0.24939643;40;session_2;62;2;Lee2019-SSVEP;TRCA;SSVEP;WithinSession;Raw
173;0.99;35.600834;100.0;0.25424612;41;session_1;62;2;Lee2019-SSVEP;TRCA;SSVEP;WithinSession;Raw
174;1.0;36.44398;100.0;0.26026574;41;session_2;62;2;Lee2019-SSVEP;TRCA;SSVEP;WithinSession;Raw
175;0.99;36.41989;100.0;0.26009473;42;session_1;62;2;Lee2019-SSVEP;TRCA;SSVEP;WithinSession;Raw
176;0.68;35.351246;100.0;0.25246322;42;session_2;62;2;Lee2019-SSVEP;TRCA;SSVEP;WithinSession;Raw
177;1.0;34.927784;100.0;0.2494369;43;session_1;62;2;Lee2019-SSVEP;TRCA;SSVEP;WithinSession;Raw
178;1.0;35.955116;100.0;0.2567739;43;session_2;62;2;Lee2019-SSVEP;TRCA;SSVEP;WithinSession;Raw
179;1.0;34.23217;100.0;0.24446939;44;session_1;62;2;Lee2019-SSVEP;TRCA;SSVEP;WithinSession;Raw
180;1.0;33.932823;100.0;0.24233264;44;session_2;62;2;Lee2019-SSVEP;TRCA;SSVEP;WithinSession;Raw
181;0.98;35.199207;100.0;0.2513743;45;session_1;62;2;Lee2019-SSVEP;TRCA;SSVEP;WithinSession;Raw
182;1.0;35.41786;100.0;0.25293872;45;session_2;62;2;Lee2019-SSVEP;TRCA;SSVEP;WithinSession;Raw
183;1.0;35.97445;100.0;0.25691417;46;session_1;62;2;Lee2019-SSVEP;TRCA;SSVEP;WithinSession;Raw
184;1.0;34.904762;100.0;0.24927434;46;session_2;62;2;Lee2019-SSVEP;TRCA;SSVEP;WithinSession;Raw
185;0.31;35.77011;100.0;0.2554539;47;session_1;62;2;Lee2019-SSVEP;TRCA;SSVEP;WithinSession;Raw
186;0.99;34.660683;100.0;0.24752805;47;session_2;62;2;Lee2019-SSVEP;TRCA;SSVEP;WithinSession;Raw
187;1.0;36.490288;100.0;0.26059774;48;session_1;62;2;Lee2019-SSVEP;TRCA;SSVEP;WithinSession;Raw
188;0.99;34.46515;100.0;0.24613321;48;session_2;62;2;Lee2019-SSVEP;TRCA;SSVEP;WithinSession;Raw
189;1.0;36.052017;100.0;0.2574655;49;session_1;62;2;Lee2019-SSVEP;TRCA;SSVEP;WithinSession;Raw
190;1.0;33.904716;100.0;0.24213162;49;session_2;62;2;Lee2019-SSVEP;TRCA;SSVEP;WithinSession;Raw
191;1.0;35.71179;100.0;0.2550377;50;session_1;62;2;Lee2019-SSVEP;TRCA;SSVEP;WithinSession;Raw
192;1.0;35.314137;100.0;0.2521974;50;session_2;62;2;Lee2019-SSVEP;TRCA;SSVEP;WithinSession;Raw
193;0.92;33.781624;100.0;0.24125376;51;session_1;62;2;Lee2019-SSVEP;TRCA;SSVEP;WithinSession;Raw
194;0.87;35.496944;100.0;0.25350353;51;session_2;62;2;Lee2019-SSVEP;TRCA;SSVEP;WithinSession;Raw
195;0.99;35.385513;100.0;0.25270793;52;session_1;62;2;Lee2019-SSVEP;TRCA;SSVEP;WithinSession;Raw
196;1.0;34.409653;100.0;0.24573918;52;session_2;62;2;Lee2019-SSVEP;TRCA;SSVEP;WithinSession;Raw
197;1.0;35.246574;100.0;0.25171548;53;session_1;62;2;Lee2019-SSVEP;TRCA;SSVEP;WithinSession;Raw
198;1.0;34.477993;100.0;0.24622686;53;session_2;62;2;Lee2019-SSVEP;TRCA;SSVEP;WithinSession;Raw
199;0.99;35.055126;100.0;0.25034645;54;session_1;62;2;Lee2019-SSVEP;TRCA;SSVEP;WithinSession;Raw
200;0.94;34.9065;100.0;0.24928701;54;session_2;62;2;Lee2019-SSVEP;TRCA;SSVEP;WithinSession;Raw
201;0.98;1.2941484;100.0;0.009240322;1;session_1;62;2;Lee2019-SSVEP;CCA;SSVEP;WithinSession;Raw
202;0.83;1.1001334;100.0;0.007854641;1;session_2;62;2;Lee2019-SSVEP;CCA;SSVEP;WithinSession;Raw
203;1.0;1.51589;100.0;0.010823591;2;session_1;62;2;Lee2019-SSVEP;CCA;SSVEP;WithinSession;Raw
204;0.97;1.5303246;100.0;0.010924445;2;session_2;62;2;Lee2019-SSVEP;CCA;SSVEP;WithinSession;Raw
205;0.8;1.4386965;100.0;0.0102725215;3;session_1;62;2;Lee2019-SSVEP;CCA;SSVEP;WithinSession;Raw
206;0.94;1.4470642;100.0;0.0103324475;3;session_2;62;2;Lee2019-SSVEP;CCA;SSVEP;WithinSession;Raw
207;0.99;1.5715414;100.0;0.011221368;4;session_1;62;2;Lee2019-SSVEP;CCA;SSVEP;WithinSession;Raw
208;1.0;1.4183964;100.0;0.010127657;4;session_2;62;2;Lee2019-SSVEP;CCA;SSVEP;WithinSession;Raw
209;0.6;1.5610428;100.0;0.011146382;5;session_1;62;2;Lee2019-SSVEP;CCA;SSVEP;WithinSession;Raw
210;0.97;1.5318519;100.0;0.010937787;5;session_2;62;2;Lee2019-SSVEP;CCA;SSVEP;WithinSession;Raw
211;1.0;1.7077892;100.0;0.012194399;6;session_1;62;2;Lee2019-SSVEP;CCA;SSVEP;WithinSession;Raw
212;0.97;1.3624977;100.0;0.009727948;6;session_2;62;2;Lee2019-SSVEP;CCA;SSVEP;WithinSession;Raw
213;0.99;1.1294899;100.0;0.008064179;7;session_1;62;2;Lee2019-SSVEP;CCA;SSVEP;WithinSession;Raw
214;1.0;1.3643999;100.0;0.009741366;7;session_2;62;2;Lee2019-SSVEP;CCA;SSVEP;WithinSession;Raw
215;0.59;1.417816;100.0;0.010123173;8;session_1;62;2;Lee2019-SSVEP;CCA;SSVEP;WithinSession;Raw
216;0.79;1.5115496;100.0;0.010792553;8;session_2;62;2;Lee2019-SSVEP;CCA;SSVEP;WithinSession;Raw
217;0.94;1.4877896;100.0;0.010623232;9;session_1;62;2;Lee2019-SSVEP;CCA;SSVEP;WithinSession;Raw
218;0.93;1.4662541;100.0;0.010469032;9;session_2;62;2;Lee2019-SSVEP;CCA;SSVEP;WithinSession;Raw
219;0.98;1.3419664;100.0;0.009579128;10;session_1;62;2;Lee2019-SSVEP;CCA;SSVEP;WithinSession;Raw
220;0.92;1.62204;100.0;0.011581855;10;session_2;62;2;Lee2019-SSVEP;CCA;SSVEP;WithinSession;Raw
221;1.0;1.252234;100.0;0.008940607;11;session_1;62;2;Lee2019-SSVEP;CCA;SSVEP;WithinSession;Raw
222;1.0;1.5073775;100.0;0.010762985;11;session_2;62;2;Lee2019-SSVEP;CCA;SSVEP;WithinSession;Raw
223;1.0;1.56723;100.0;0.011189647;12;session_1;62;2;Lee2019-SSVEP;CCA;SSVEP;WithinSession;Raw
224;0.94;1.3880091;100.0;0.009910753;12;session_2;62;2;Lee2019-SSVEP;CCA;SSVEP;WithinSession;Raw
225;0.76;1.5446929;100.0;0.011029596;13;session_1;62;2;Lee2019-SSVEP;CCA;SSVEP;WithinSession;Raw
226;0.92;1.205597;100.0;0.008607577;13;session_2;62;2;Lee2019-SSVEP;CCA;SSVEP;WithinSession;Raw
227;0.93;1.0860426;100.0;0.007753958;14;session_1;62;2;Lee2019-SSVEP;CCA;SSVEP;WithinSession;Raw
228;0.76;1.4346757;100.0;0.010239546;14;session_2;62;2;Lee2019-SSVEP;CCA;SSVEP;WithinSession;Raw
229;0.86;1.7212521;100.0;0.012290152;15;session_1;62;2;Lee2019-SSVEP;CCA;SSVEP;WithinSession;Raw
230;0.85;1.3624716;100.0;0.009728217;15;session_2;62;2;Lee2019-SSVEP;CCA;SSVEP;WithinSession;Raw
231;1.0;1.4410783;100.0;0.010289565;16;session_1;62;2;Lee2019-SSVEP;CCA;SSVEP;WithinSession;Raw
232;1.0;1.4359567;100.0;0.010253159;16;session_2;62;2;Lee2019-SSVEP;CCA;SSVEP;WithinSession;Raw
233;0.97;1.1179063;100.0;0.007981423;17;session_1;62;2;Lee2019-SSVEP;CCA;SSVEP;WithinSession;Raw
234;0.99;1.5544922;100.0;0.011099695;17;session_2;62;2;Lee2019-SSVEP;CCA;SSVEP;WithinSession;Raw
235;0.97;1.2271972;100.0;0.008761274;18;session_1;62;2;Lee2019-SSVEP;CCA;SSVEP;WithinSession;Raw
236;1.0;1.5097778;100.0;0.0107798865;18;session_2;62;2;Lee2019-SSVEP;CCA;SSVEP;WithinSession;Raw
237;0.96;1.2139891;100.0;0.008667864;19;session_1;62;2;Lee2019-SSVEP;CCA;SSVEP;WithinSession;Raw
238;0.97;1.5389223;100.0;0.010988018;19;session_2;62;2;Lee2019-SSVEP;CCA;SSVEP;WithinSession;Raw
239;0.9;1.4661703;100.0;0.01046838;20;session_1;62;2;Lee2019-SSVEP;CCA;SSVEP;WithinSession;Raw
240;0.7;1.1732812;100.0;0.008377252;20;session_2;62;2;Lee2019-SSVEP;CCA;SSVEP;WithinSession;Raw
241;0.87;1.2998939;100.0;0.00928131;21;session_1;62;2;Lee2019-SSVEP;CCA;SSVEP;WithinSession;Raw
242;1.0;1.5638689;100.0;0.011166809;21;session_2;62;2;Lee2019-SSVEP;CCA;SSVEP;WithinSession;Raw
243;0.93;1.1274387;100.0;0.008049626;22;session_1;62;2;Lee2019-SSVEP;CCA;SSVEP;WithinSession;Raw
244;0.82;1.6601181;100.0;0.011853681;22;session_2;62;2;Lee2019-SSVEP;CCA;SSVEP;WithinSession;Raw
245;0.44;1.5963125;100.0;0.011397885;23;session_1;62;2;Lee2019-SSVEP;CCA;SSVEP;WithinSession;Raw
246;0.42;1.4401267;100.0;0.010282855;23;session_2;62;2;Lee2019-SSVEP;CCA;SSVEP;WithinSession;Raw
247;1.0;1.2998571;100.0;0.00928101;24;session_1;62;2;Lee2019-SSVEP;CCA;SSVEP;WithinSession;Raw
248;0.97;1.5167236;100.0;0.010829452;24;session_2;62;2;Lee2019-SSVEP;CCA;SSVEP;WithinSession;Raw
249;0.98;1.2819517;100.0;0.009153134;25;session_1;62;2;Lee2019-SSVEP;CCA;SSVEP;WithinSession;Raw
250;0.86;1.1129375;100.0;0.0079458095;25;session_2;62;2;Lee2019-SSVEP;CCA;SSVEP;WithinSession;Raw
251;0.98;1.5790817;100.0;0.011274849;26;session_1;62;2;Lee2019-SSVEP;CCA;SSVEP;WithinSession;Raw
252;0.99;1.2644365;100.0;0.009028213;26;session_2;62;2;Lee2019-SSVEP;CCA;SSVEP;WithinSession;Raw
253;0.99;1.4811563;100.0;0.010575838;27;session_1;62;2;Lee2019-SSVEP;CCA;SSVEP;WithinSession;Raw
254;0.98;1.1507615;100.0;0.008216302;27;session_2;62;2;Lee2019-SSVEP;CCA;SSVEP;WithinSession;Raw
255;0.77;1.2335857;100.0;0.00880774;28;session_1;62;2;Lee2019-SSVEP;CCA;SSVEP;WithinSession;Raw
256;0.82;1.4257576;100.0;0.010180205;28;session_2;62;2;Lee2019-SSVEP;CCA;SSVEP;WithinSession;Raw
257;0.97;1.353256;100.0;0.009662084;29;session_1;62;2;Lee2019-SSVEP;CCA;SSVEP;WithinSession;Raw
258;0.86;1.5451238;100.0;0.011030983;29;session_2;62;2;Lee2019-SSVEP;CCA;SSVEP;WithinSession;Raw
259;0.99;1.4473975;100.0;0.010334768;30;session_1;62;2;Lee2019-SSVEP;CCA;SSVEP;WithinSession;Raw
260;1.0;1.5501239;100.0;0.0110685015;30;session_2;62;2;Lee2019-SSVEP;CCA;SSVEP;WithinSession;Raw
261;1.0;1.3631027;100.0;0.009732798;31;session_1;62;2;Lee2019-SSVEP;CCA;SSVEP;WithinSession;Raw
262;1.0;1.5466304;100.0;0.011043852;31;session_2;62;2;Lee2019-SSVEP;CCA;SSVEP;WithinSession;Raw
263;1.0;1.5247285;100.0;0.010887086;32;session_1;62;2;Lee2019-SSVEP;CCA;SSVEP;WithinSession;Raw
264;0.98;1.4368793;100.0;0.010259644;32;session_2;62;2;Lee2019-SSVEP;CCA;SSVEP;WithinSession;Raw
265;0.7;1.4004446;100.0;0.009999526;33;session_1;62;2;Lee2019-SSVEP;CCA;SSVEP;WithinSession;Raw
266;0.74;1.6627386;100.0;0.011871865;33;session_2;62;2;Lee2019-SSVEP;CCA;SSVEP;WithinSession;Raw
267;0.87;1.548809;100.0;0.01105545;34;session_1;62;2;Lee2019-SSVEP;CCA;SSVEP;WithinSession;Raw
268;0.88;1.1064936;100.0;0.007899857;34;session_2;62;2;Lee2019-SSVEP;CCA;SSVEP;WithinSession;Raw
269;0.99;1.4568266;100.0;0.010402113;35;session_1;62;2;Lee2019-SSVEP;CCA;SSVEP;WithinSession;Raw
270;0.98;1.3374453;100.0;0.009549494;35;session_2;62;2;Lee2019-SSVEP;CCA;SSVEP;WithinSession;Raw
271;1.0;1.5660762;100.0;0.011182335;36;session_1;62;2;Lee2019-SSVEP;CCA;SSVEP;WithinSession;Raw
272;1.0;1.42085;100.0;0.0101451045;36;session_2;62;2;Lee2019-SSVEP;CCA;SSVEP;WithinSession;Raw
273;0.99;1.2319415;100.0;0.008796032;37;session_1;62;2;Lee2019-SSVEP;CCA;SSVEP;WithinSession;Raw
274;0.99;1.36504;100.0;0.009746761;37;session_2;62;2;Lee2019-SSVEP;CCA;SSVEP;WithinSession;Raw
275;0.99;1.7312827;100.0;0.012361302;38;session_1;62;2;Lee2019-SSVEP;CCA;SSVEP;WithinSession;Raw
276;0.99;1.4812808;100.0;0.010576692;38;session_2;62;2;Lee2019-SSVEP;CCA;SSVEP;WithinSession;Raw
277;0.99;1.6676204;100.0;0.011907576;39;session_1;62;2;Lee2019-SSVEP;CCA;SSVEP;WithinSession;Raw
278;0.96;1.2959588;100.0;0.0092525575;39;session_2;62;2;Lee2019-SSVEP;CCA;SSVEP;WithinSession;Raw
279;0.8;1.2772995;100.0;0.009120048;40;session_1;62;2;Lee2019-SSVEP;CCA;SSVEP;WithinSession;Raw
280;1.0;1.5071611;100.0;0.010761188;40;session_2;62;2;Lee2019-SSVEP;CCA;SSVEP;WithinSession;Raw
281;0.98;1.6788204;100.0;0.011987065;41;session_1;62;2;Lee2019-SSVEP;CCA;SSVEP;WithinSession;Raw
282;0.99;1.1280025;100.0;0.008053788;41;session_2;62;2;Lee2019-SSVEP;CCA;SSVEP;WithinSession;Raw
283;1.0;1.4737722;100.0;0.010523165;42;session_1;62;2;Lee2019-SSVEP;CCA;SSVEP;WithinSession;Raw
284;0.51;1.3083751;100.0;0.00934205;42;session_2;62;2;Lee2019-SSVEP;CCA;SSVEP;WithinSession;Raw
285;0.98;1.2594061;100.0;0.008992272;43;session_1;62;2;Lee2019-SSVEP;CCA;SSVEP;WithinSession;Raw
286;1.0;1.1819233;100.0;0.008437977;43;session_2;62;2;Lee2019-SSVEP;CCA;SSVEP;WithinSession;Raw
287;0.99;1.5030918;100.0;0.010732489;44;session_1;62;2;Lee2019-SSVEP;CCA;SSVEP;WithinSession;Raw
288;0.97;1.486861;100.0;0.010613981;44;session_2;62;2;Lee2019-SSVEP;CCA;SSVEP;WithinSession;Raw
289;0.92;1.4765964;100.0;0.010543084;45;session_1;62;2;Lee2019-SSVEP;CCA;SSVEP;WithinSession;Raw
290;0.98;1.396653;100.0;0.009972368;45;session_2;62;2;Lee2019-SSVEP;CCA;SSVEP;WithinSession;Raw
291;0.79;1.7341834;100.0;0.012382787;46;session_1;62;2;Lee2019-SSVEP;CCA;SSVEP;WithinSession;Raw
292;0.81;1.4109921;100.0;0.010074824;46;session_2;62;2;Lee2019-SSVEP;CCA;SSVEP;WithinSession;Raw
293;0.25;1.5538276;100.0;0.011092298;47;session_1;62;2;Lee2019-SSVEP;CCA;SSVEP;WithinSession;Raw
294;0.83;1.5017937;100.0;0.010720384;47;session_2;62;2;Lee2019-SSVEP;CCA;SSVEP;WithinSession;Raw
295;0.95;1.3457761;100.0;0.009609142;48;session_1;62;2;Lee2019-SSVEP;CCA;SSVEP;WithinSession;Raw
296;0.98;1.5905591;100.0;0.011357274;48;session_2;62;2;Lee2019-SSVEP;CCA;SSVEP;WithinSession;Raw
297;1.0;1.3871098;100.0;0.009904187;49;session_1;62;2;Lee2019-SSVEP;CCA;SSVEP;WithinSession;Raw
298;0.97;1.1309297;100.0;0.008074728;49;session_2;62;2;Lee2019-SSVEP;CCA;SSVEP;WithinSession;Raw
299;1.0;1.446197;100.0;0.010321063;50;session_1;62;2;Lee2019-SSVEP;CCA;SSVEP;WithinSession;Raw
300;0.97;1.3582332;100.0;0.009697993;50;session_2;62;2;Lee2019-SSVEP;CCA;SSVEP;WithinSession;Raw
301;0.88;1.5195649;100.0;0.010850279;51;session_1;62;2;Lee2019-SSVEP;CCA;SSVEP;WithinSession;Raw
302;0.77;1.471499;100.0;0.010507054;51;session_2;62;2;Lee2019-SSVEP;CCA;SSVEP;WithinSession;Raw
303;1.0;1.4882294;100.0;0.010625817;52;session_1;62;2;Lee2019-SSVEP;CCA;SSVEP;WithinSession;Raw
304;0.97;1.3660388;100.0;0.009753585;52;session_2;62;2;Lee2019-SSVEP;CCA;SSVEP;WithinSession;Raw
305;0.96;1.2717891;100.0;0.009080663;53;session_1;62;2;Lee2019-SSVEP;CCA;SSVEP;WithinSession;Raw
306;0.84;1.1433504;100.0;0.008163437;53;session_2;62;2;Lee2019-SSVEP;CCA;SSVEP;WithinSession;Raw
307;0.89;1.2380896;100.0;0.008839905;54;session_1;62;2;Lee2019-SSVEP;CCA;SSVEP;WithinSession;Raw
308;0.91;1.5542268;100.0;0.01109682;54;session_2;62;2;Lee2019-SSVEP;CCA;SSVEP;WithinSession;Raw
309;0.95416665;35.96889;240.0;0.2568703;1;0;62;1;Wang2016;CCA;SSVEP;WithinSession;Raw
310;0.95;36.073273;240.0;0.2576199;2;0;62;1;Wang2016;CCA;SSVEP;WithinSession;Raw
311;0.9916667;36.781597;240.0;0.26267767;3;0;62;1;Wang2016;CCA;SSVEP;WithinSession;Raw
312;0.9791667;35.544132;240.0;0.2538411;4;0;62;1;Wang2016;CCA;SSVEP;WithinSession;Raw
313;1.0;35.048355;240.0;0.25029972;5;0;62;1;Wang2016;CCA;SSVEP;WithinSession;Raw
314;0.99583334;35.376095;240.0;0.25264102;6;0;62;1;Wang2016;CCA;SSVEP;WithinSession;Raw
315;0.8958333;36.75551;240.0;0.26248938;7;0;62;1;Wang2016;CCA;SSVEP;WithinSession;Raw
316;0.96666664;35.710735;240.0;0.25503105;8;0;62;1;Wang2016;CCA;SSVEP;WithinSession;Raw
317;0.8125;35.133434;240.0;0.2509073;9;0;62;1;Wang2016;CCA;SSVEP;WithinSession;Raw
318;1.0;36.32377;240.0;0.25940835;10;0;62;1;Wang2016;CCA;SSVEP;WithinSession;Raw
319;0.9291667;35.6264;240.0;0.25442842;11;0;62;1;Wang2016;CCA;SSVEP;WithinSession;Raw
320;1.0;36.295593;240.0;0.25920665;12;0;62;1;Wang2016;CCA;SSVEP;WithinSession;Raw
321;0.97083336;36.24746;240.0;0.25886315;13;0;62;1;Wang2016;CCA;SSVEP;WithinSession;Raw
322;0.98333335;35.37013;240.0;0.25259423;14;0;62;1;Wang2016;CCA;SSVEP;WithinSession;Raw
323;1.0;36.25375;240.0;0.258909;15;0;62;1;Wang2016;CCA;SSVEP;WithinSession;Raw
324;0.34166667;36.07636;240.0;0.25764173;16;0;62;1;Wang2016;CCA;SSVEP;WithinSession;Raw
325;0.9291667;35.7702;240.0;0.25545496;17;0;62;1;Wang2016;CCA;SSVEP;WithinSession;Raw
326;0.6375;36.55845;240.0;0.26108453;18;0;62;1;Wang2016;CCA;SSVEP;WithinSession;Raw
327;0.7083333;35.264122;240.0;0.251841;19;0;62;1;Wang2016;CCA;SSVEP;WithinSession;Raw
328;0.97083336;36.25116;240.0;0.25888968;20;0;62;1;Wang2016;CCA;SSVEP;WithinSession;Raw
329;0.67083335;36.720707;240.0;0.26224384;21;0;62;1;Wang2016;CCA;SSVEP;WithinSession;Raw
330;0.9458333;36.924957;240.0;0.2637022;22;0;62;1;Wang2016;CCA;SSVEP;WithinSession;Raw
331;0.9458333;34.846897;240.0;0.24886176;23;0;62;1;Wang2016;CCA;SSVEP;WithinSession;Raw
332;0.7875;35.320206;240.0;0.25224125;24;0;62;1;Wang2016;CCA;SSVEP;WithinSession;Raw
333;0.99583334;35.431606;240.0;0.25303364;25;0;62;1;Wang2016;CCA;SSVEP;WithinSession;Raw
334;0.99583334;34.64086;240.0;0.24739021;26;0;62;1;Wang2016;CCA;SSVEP;WithinSession;Raw
335;0.96666664;36.07408;240.0;0.25762546;27;0;62;1;Wang2016;CCA;SSVEP;WithinSession;Raw
336;0.84583336;35.258945;240.0;0.25180373;28;0;62;1;Wang2016;CCA;SSVEP;WithinSession;Raw
337;0.50416666;36.880108;240.0;0.26338214;29;0;62;1;Wang2016;CCA;SSVEP;WithinSession;Raw
338;0.9875;36.536964;240.0;0.26093113;30;0;62;1;Wang2016;CCA;SSVEP;WithinSession;Raw
339;1.0;37.720863;240.0;0.2693856;31;0;62;1;Wang2016;CCA;SSVEP;WithinSession;Raw
340;0.98333335;35.248207;240.0;0.25172713;32;0;62;1;Wang2016;CCA;SSVEP;WithinSession;Raw
341;0.35;37.000828;240.0;0.26424092;33;0;62;1;Wang2016;CCA;SSVEP;WithinSession;Raw
342;1.0;35.545246;240.0;0.25384873;34;0;62;1;Wang2016;CCA;SSVEP;WithinSession;Raw
377;0.99583334;51.181133;240.0;0.36551332;1;0;62;1;Wang2016;TRCA;SSVEP;WithinSession;Raw
378;0.9916667;51.44834;240.0;0.3674217;2;0;62;1;Wang2016;TRCA;SSVEP;WithinSession;Raw
379;0.9916667;51.093784;240.0;0.3648909;3;0;62;1;Wang2016;TRCA;SSVEP;WithinSession;Raw
380;0.9916667;52.09689;240.0;0.3720534;4;0;62;1;Wang2016;TRCA;SSVEP;WithinSession;Raw
381;1.0;51.258606;240.0;0.36606714;5;0;62;1;Wang2016;TRCA;SSVEP;WithinSession;Raw
382;0.99583334;51.20175;240.0;0.36565802;6;0;62;1;Wang2016;TRCA;SSVEP;WithinSession;Raw
383;0.99583334;51.02121;240.0;0.36437026;7;0;62;1;Wang2016;TRCA;SSVEP;WithinSession;Raw
384;0.9916667;51.50634;240.0;0.3678367;8;0;62;1;Wang2016;TRCA;SSVEP;WithinSession;Raw
385;0.9916667;51.466587;240.0;0.36755252;9;0;62;1;Wang2016;TRCA;SSVEP;WithinSession;Raw
386;0.9916667;51.447422;240.0;0.36741543;10;0;62;1;Wang2016;TRCA;SSVEP;WithinSession;Raw
387;0.9916667;50.82185;240.0;0.36294717;11;0;62;1;Wang2016;TRCA;SSVEP;WithinSession;Raw
388;0.9916667;50.870193;240.0;0.36329374;12;0;62;1;Wang2016;TRCA;SSVEP;WithinSession;Raw
389;0.9875;51.590565;240.0;0.36843616;13;0;62;1;Wang2016;TRCA;SSVEP;WithinSession;Raw
390;0.99583334;51.141335;240.0;0.36522773;14;0;62;1;Wang2016;TRCA;SSVEP;WithinSession;Raw
391;0.99583334;50.816566;240.0;0.3629088;15;0;62;1;Wang2016;TRCA;SSVEP;WithinSession;Raw
392;1.0;50.639896;240.0;0.36164805;16;0;62;1;Wang2016;TRCA;SSVEP;WithinSession;Raw
393;0.99583334;50.882904;240.0;0.36338437;17;0;62;1;Wang2016;TRCA;SSVEP;WithinSession;Raw
394;0.9875;50.93106;240.0;0.3637237;18;0;62;1;Wang2016;TRCA;SSVEP;WithinSession;Raw
395;0.99583334;51.415447;240.0;0.36718738;19;0;62;1;Wang2016;TRCA;SSVEP;WithinSession;Raw
396;1.0;51.110954;240.0;0.36501282;20;0;62;1;Wang2016;TRCA;SSVEP;WithinSession;Raw
397;0.99583334;50.85613;240.0;0.36319113;21;0;62;1;Wang2016;TRCA;SSVEP;WithinSession;Raw
398;0.99583334;51.57849;240.0;0.36835235;22;0;62;1;Wang2016;TRCA;SSVEP;WithinSession;Raw
399;0.9875;50.786827;240.0;0.36269504;23;0;62;1;Wang2016;TRCA;SSVEP;WithinSession;Raw
400;0.9916667;50.885868;240.0;0.36340407;24;0;62;1;Wang2016;TRCA;SSVEP;WithinSession;Raw
401;0.9916667;50.995525;240.0;0.36418813;25;0;62;1;Wang2016;TRCA;SSVEP;WithinSession;Raw
402;0.9916667;50.814972;240.0;0.36289787;26;0;62;1;Wang2016;TRCA;SSVEP;WithinSession;Raw
403;0.99583334;51.16765;240.0;0.36541614;27;0;62;1;Wang2016;TRCA;SSVEP;WithinSession;Raw
404;0.99583334;51.5521;240.0;0.36816376;28;0;62;1;Wang2016;TRCA;SSVEP;WithinSession;Raw
405;0.9916667;51.356514;240.0;0.3667648;29;0;62;1;Wang2016;TRCA;SSVEP;WithinSession;Raw
406;0.9916667;50.90237;240.0;0.36352295;30;0;62;1;Wang2016;TRCA;SSVEP;WithinSession;Raw
407;0.99583334;51.112022;240.0;0.36501998;31;0;62;1;Wang2016;TRCA;SSVEP;WithinSession;Raw
408;1.0;51.081856;240.0;0.3648049;32;0;62;1;Wang2016;TRCA;SSVEP;WithinSession;Raw
409;0.8541667;51.330406;240.0;0.015844457;33;0;62;1;Wang2016;TRCA;SSVEP;WithinSession;Raw
410;0.9916667;51.37575;240.0;0.3669042;34;0;62;1;Wang2016;TRCA;SSVEP;WithinSession;Raw
483;0.8703297;125.11275;69.0;0.8935056;1;0;256;1;MAMEM1;TRCA;SSVEP;WithinSession;Raw
484;0.26086956;333.0656;115.0;2.3786263;2;0;256;1;MAMEM1;TRCA;SSVEP;WithinSession;Raw
485;0.17582418;125.03876;69.0;0.8929754;3;0;256;1;MAMEM1;TRCA;SSVEP;WithinSession;Raw
486;0.44795322;217.84036;92.0;1.5557287;4;0;256;1;MAMEM1;TRCA;SSVEP;WithinSession;Raw
487;0.22608696;333.1939;115.0;2.3794909;5;0;256;1;MAMEM1;TRCA;SSVEP;WithinSession;Raw
488;0.7695906;218.56541;92.0;1.5609086;6;0;256;1;MAMEM1;TRCA;SSVEP;WithinSession;Raw
489;0.9130435;341.18405;115.0;2.4366028;7;0;256;1;MAMEM1;TRCA;SSVEP;WithinSession;Raw
490;0.14725275;126.69144;69.0;0.90477926;8;0;256;1;MAMEM1;TRCA;SSVEP;WithinSession;Raw
491;0.8173913;342.07922;115.0;2.4429915;9;0;256;1;MAMEM1;TRCA;SSVEP;WithinSession;Raw
492;0.82608694;338.02042;115.0;2.4140112;10;0;256;1;MAMEM1;TRCA;SSVEP;WithinSession;Raw
503;0.24725275;8.331841;69.0;0.059500713;1;0;256;1;MAMEM1;CCA;SSVEP;WithinSession;Raw
504;0.26956522;14.574026;115.0;0.10407973;2;0;256;1;MAMEM1;CCA;SSVEP;WithinSession;Raw
505;0.21868132;7.979344;69.0;0.056983676;3;0;256;1;MAMEM1;CCA;SSVEP;WithinSession;Raw
506;0.21695906;11.084312;92.0;0.07915767;4;0;256;1;MAMEM1;CCA;SSVEP;WithinSession;Raw
507;0.16521738;13.075728;115.0;0.09338012;5;0;256;1;MAMEM1;CCA;SSVEP;WithinSession;Raw
508;0.21754386;11.222597;92.0;0.080144644;6;0;256;1;MAMEM1;CCA;SSVEP;WithinSession;Raw
509;0.14782609;13.169918;115.0;0.094052136;7;0;256;1;MAMEM1;CCA;SSVEP;WithinSession;Raw
510;0.18681319;7.8495855;69.0;0.05605695;8;0;256;1;MAMEM1;CCA;SSVEP;WithinSession;Raw
511;0.2347826;13.6877;115.0;0.09774986;9;0;256;1;MAMEM1;CCA;SSVEP;WithinSession;Raw
512;0.26956522;13.769107;115.0;0.09832856;10;0;256;1;MAMEM1;CCA;SSVEP;WithinSession;Raw
493;0.184;401.6762;125.0;2.8686159;1;0;256;1;MAMEM2;TRCA;SSVEP;WithinSession;Raw
494;0.264;393.25797;125.0;2.808495;2;0;256;1;MAMEM2;TRCA;SSVEP;WithinSession;Raw
495;0.248;401.30652;125.0;2.8659742;3;0;256;1;MAMEM2;TRCA;SSVEP;WithinSession;Raw
496;0.176;401.5881;125.0;2.8679864;4;0;256;1;MAMEM2;TRCA;SSVEP;WithinSession;Raw
497;0.128;394.5553;125.0;2.8177629;5;0;256;1;MAMEM2;TRCA;SSVEP;WithinSession;Raw
498;0.472;401.67343;125.0;2.8685744;6;0;256;1;MAMEM2;TRCA;SSVEP;WithinSession;Raw
499;0.16;401.42517;125.0;2.8668232;7;0;256;1;MAMEM2;TRCA;SSVEP;WithinSession;Raw
500;0.2;399.95084;125.0;2.8562944;8;0;256;1;MAMEM2;TRCA;SSVEP;WithinSession;Raw
501;0.256;399.226;125.0;2.8511138;9;0;256;1;MAMEM2;TRCA;SSVEP;WithinSession;Raw
502;0.176;403.835;125.0;2.8840325;10;0;256;1;MAMEM2;TRCA;SSVEP;WithinSession;Raw
513;0.208;15.107412;125.0;0.107889034;1;0;256;1;MAMEM2;CCA;SSVEP;WithinSession;Raw
514;0.208;14.709727;125.0;0.105049625;2;0;256;1;MAMEM2;CCA;SSVEP;WithinSession;Raw
515;0.168;14.938649;125.0;0.1066834;3;0;256;1;MAMEM2;CCA;SSVEP;WithinSession;Raw
516;0.168;14.878295;125.0;0.10625278;4;0;256;1;MAMEM2;CCA;SSVEP;WithinSession;Raw
517;0.208;14.79233;125.0;0.105638854;5;0;256;1;MAMEM2;CCA;SSVEP;WithinSession;Raw
518;0.224;14.492803;125.0;0.10349945;6;0;256;1;MAMEM2;CCA;SSVEP;WithinSession;Raw
519;0.168;14.076052;125.0;0.10052301;7;0;256;1;MAMEM2;CCA;SSVEP;WithinSession;Raw
520;0.264;14.584484;125.0;0.104155056;8;0;256;1;MAMEM2;CCA;SSVEP;WithinSession;Raw
521;0.216;15.213597;125.0;0.108646594;9;0;256;1;MAMEM2;CCA;SSVEP;WithinSession;Raw
522;0.232;14.714856;125.0;0.105085805;10;0;256;1;MAMEM2;CCA;SSVEP;WithinSession;Raw
